Cod.,descrizione breve,Long,Lat,Territorio,Localizzazione,Venue,CUP,Descrizione lunga,Finalità,Totale quadro economico,Soggeto attuatore,Stazione Appaltante,procedura ambientale,Riferimento normativo procedura ambientale,data fine procedura ambientale,procedura autorizzativa,Riferimento normativo procedura autorizzativa,data fine procedura autorizzativa,data aggiudicazione,Aggiudicatario,Data inizio Lavori,Data fine Lavori,Fase dell'intervento,Certificazione dell'Opera,Tipo Legacy,fine ante olimpiadi,commissario,data pubblicazione dati
A01.0,Nuovo impianto di innevamento dello stadio del Biathlon,12.15315006609745,46.88484235791036,Area Dolomitica - Bolzano,Comune di Rasun Anterselva,Stadio del Biathlon di Anterselva,I51B21003640004,"L'intervento prevede la realizzazione di un nuovo impianto di innevamento delle piste da sci da fondo di Anterselva con la realizzazione di un'opera di captazione dell‘acqua dal Rio Anterselva, la costruzione di un edificio con impianto di pompaggio nella rete di distribuzione e verso il bacino artificiale. Saranno inoltre realizzate condotte di distribuzione dell’acqua lungo il percorso delle piste da sci e condotte di collegamento al bacino artificiale per adduzione/derivazione dell’acqua per l’innevamento. Saranno installati generatori di neve fissi e mobili lungo il percorso delle piste da sci e verrà posizionata una macchina per la produzione di neve sopra i zero gradi.",Evento olimpico,7553746.89,Comune di Rasun Anterselva,Comune di Rasun Anterselva,Verifica Assoggettabilità a VIA,art. 19 dlgs 152/2006 e ss.mm.ii,2022-07-18 00:00:00,Conferenza di Servizi Decisoria,"art. 14, comma 2, L. 241/1990 e ss.mm.ii.",2022-07-18 00:00:00,2022-11-09 00:00:00,Ati: Technoalpin S.p.A. - Karl Wieser OHG,2023-05-31 00:00:00,2024-12-21 00:00:00,concluso,---,---,,,2026-01-22
A02.1,"Riqualificazione trampolini, sala atleti, torre giudici e tribuna allenatori - UMAF 0 Demolizioni e viabilità",11.60410585697533,46.32964636625356,Area Dolomitica - Trento,Comune di Predazzo,Ski Jumping Stadium Predazzo,I28I21000270003,"L'intervento prevede le demolizioni dei trampolini K90 e K120 e il potenziamento della viabilità interna al Centro del Salto del comune di Predazzo con l'allargamento strada. E' progettata la messa in sicurezza e l'asfaltatura della via dalla zona Castellani alla cima del trampolino HS104, la  sostituzione e l'integrazione dei guardrail presenti e la realizzazione di scogliere di altezza variabile a contenimento del terreno a monte della strada.",Evento olimpico,2583134.4,Comune di Predazzo,Provincia Autonoma di Trento,non prevista ai sensi del,D.Lgs. 152/2006 data la natura dell'intervento,n.d.,Conferenza di Servizi Decisoria,"art. 14, comma 2, L. 241/1990 e ss.mm.ii.",2022-07-11 00:00:00,2022-08-16 00:00:00,Ati: Zugliani s.r.l. - Zampedri,2022-10-26 00:00:00,2024-10-08 00:00:00,concluso,---,---,,,2026-01-22
A02.2,"Riqualificazione trampolini, sala atleti, torre giudici e tribuna allenatori - UMAF 1 Opere sportive principali",11.60410585697533,46.32964636625356,Area Dolomitica - Trento,Comune di Predazzo,Ski Jumping Stadium Predazzo,C24J23000310003,"L'intervento prevede la realizzazione dei nuovi trampolini HS109 e HS143 con il rifacimento di piste di lancio e delle piste di atterraggio oltre alla costruzione di  un nuovo edificio per i giudici di gara e postazione tv. Ex novo anche le  tribune allenatori con riposizionamento e potenziamento tecnologico, fornitura e posa di torri faro e conseguente estensione e potenziamento della rete di distribuzione, dell’impianto di forza motrice e delle cabine di media tensione",Evento olimpico,37181702.4,Comune di Predazzo,Provincia Autonoma di Trento,non prevista ai sensi del,D.Lgs. 152/2006 data la natura dell'intervento,n.d.,Conferenza di Servizi Decisoria,"art. 14, comma 2, L. 241/1990 e ss.mm.ii.",2022-07-11 00:00:00,2023-07-14 00:00:00,ATI Edilvanzo s.r.l. - Elettroteam s.r.l. - Mo.Ca.M. s.r.l.,2024-06-12 00:00:00,2025-12-23 00:00:00,concluso,---,---,,,2026-01-22
A02.3,"Riqualificazione trampolini, sala atleti, torre giudici e tribuna allenatori - UMAF 2 Innevamento ed Ascensore inclinato Comune di Predazzo",11.60410585697533,46.32964636625356,Area Dolomitica - Trento,Comune di Predazzo,Ski Jumping Stadium Predazzo,C24J23000320003,"L’intervento consiste nella realizzazione di un ascensore inclinato della capienza di 20 persone, comprese le opere civili nonché la fornitura, la posa ed il posizionamento dei cannoni spara neve. ",Evento olimpico,8992823.2,Comune di Predazzo,Provincia Autonoma di Trento,Verifica Assoggettabilità a VIA,art. 19 dlgs 152/2006 e ss.mm.ii,2022-05-23 00:00:00,Conferenza di Servizi Decisoria,"art. 14, comma 2, L. 241/1990 e ss.mm.ii.",2022-07-11 00:00:00,2024-08-20 00:00:00,"LEITNER SPA, DEMACLENKO IT SRL, COSTRUZIONI MAZZEL SRL",2025-02-24 00:00:00,2025-10-07 00:00:00,concluso,---,---,,,2026-01-22
A03.1,Villaggio Olimpico Predazzo presso la Guardia di Finanza Lotto Funzionale 1 - Realizzazione nuovo edificio sviluppato su quattro piani fuori terra,11.59954478134314,46.30885081238575,Area Dolomitica - Trento,Comune di Predazzo,Mountain Olympic Village,C28C21000100009,L’intervento prevede la realizzazione del nuovo padiglione Olimpico presso la sede della Guardia di Finanza. Il nuovo edificio sarà sviluppato su quattro piani fuori terra per un totale di circa 400 posti letto e sarà realizzato con strutture in legno garantendo così un'alta prestazione energetica. ,Evento olimpico,25301109.98,Provincia Autonoma di Trento,Provincia Autonoma di Trento,non prevista ai sensi del,D.Lgs. 152/2006 data la natura dell'intervento,n.d.,Conferenza di Servizi Decisoria,"art. 14, comma 2, L. 241/1990 e ss.mm.ii.",2023-08-11 00:00:00,2024-06-06 00:00:00,Rti Martinelli - Benoni e Cipiemme,2024-06-19 00:00:00,2025-12-31 00:00:00,concluso,---,---,,,2026-01-22
A03.2,Villaggio Olimpico Predazzo presso la Guardia di Finanza Lotto Funzionale 2 - Padiglione Latemar: demolizione e ricostruzione di un edificio,11.59954478134314,46.30885081238575,Area Dolomitica - Trento,Comune di Predazzo,Mountain Olympic Village,C28C21000110009,L’intervento prevede la demolizione e ricostruzione del padiglione Latemar che si distibuirà su tre piani garantendo 132 nuovi posti letto. ,Evento olimpico,8139306,Provincia Autonoma di Trento,Provincia Autonoma di Trento,non prevista ai sensi del,D.Lgs. 152/2006 data la natura dell'intervento,n.d.,Conferenza di Servizi Decisoria,"art. 14, comma 2, L. 241/1990 e ss.mm.ii.",2023-08-11 00:00:00,2024-03-28 00:00:00,Impresa Tollot Costruzioni srl,2024-05-09 00:00:00,2025-10-14 00:00:00,concluso,---,---,,,2026-01-22
A03.3,Villaggio Olimpico Predazzo presso la Guardia di Finanza Lotto Funzionale 3 - Padiglione Macchi: Riorganizzazione spazi riqualificazione sismica,11.59954478134314,46.30885081238575,Area Dolomitica - Trento,Comune di Predazzo,Mountain Olympic Village,C28C21000120009,"L’intervento prevede la riorganizzazione degli spazi dei tre piani del padiglione Macchi con un miglioramento anti- sismico della struttura, in ottemperanza ai vincoli della Soprintendenza dei Beni Architettonici. ",Evento olimpico,8331990,Provincia Autonoma di Trento,Provincia Autonoma di Trento,non prevista ai sensi del,D.Lgs. 152/2006 data la natura dell'intervento,n.d.,Conferenza di Servizi Decisoria,"art. 14, comma 2, L. 241/1990 e ss.mm.ii.",2023-08-11 00:00:00,2024-04-04 00:00:00,Consorzio Lavori Ambiente - C.L.B. + Clera e Gamma Scavi e Costruzioni,2024-05-09 00:00:00,2025-11-10 00:00:00,concluso,---,---,,,2026-01-22
A03.4,Villaggio Olimpico Predazzo presso la Guardia di Finanza Lotto Funzionale 4 -  Padiglione Nicolaucich: organizzazione degli spazi sottotetto,11.59954478134314,46.30885081238575,Area Dolomitica - Trento,Comune di Predazzo,Mountain Olympic Village,C28C21000130009,L’intervento prevede l’organizzazione degli spazi del primo piano e del sottotetto del padiglione Nicolaucich per ottenere 76 nuovi posti letto. ,Evento olimpico,1386714.02,Provincia Autonoma di Trento,Provincia Autonoma di Trento,non prevista ai sensi del,D.Lgs. 152/2006 data la natura dell'intervento,n.d.,n.d.,n.d.,n.d.,2024-01-19 00:00:00,Edil Martinol s.r.l.,2024-01-29 00:00:00,2024-07-26 00:00:00,concluso,---,---,,,2026-01-22
A04.0,Servizio di allestimento del Villaggio Olimpico di Cortina d'Ampezzo,12.115402,46.572621,Area Dolomitica - Veneto,Comune di Cortina,Villaggio olimpico,J41B21011120003,"L'intervento prevede la realizzazione del Villaggio temporaneo che accoglierà gli atleti olimpici e paralimpici. Il design enfatizza la sostenibilità mirando a ridurre l'impatto ambientale attraverso il recupero delle strutture, la riciclabilità dei materiali, l'efficienza energetica e l'uso di energie rinnovabili. La realizzazione dell'opera si articola in tre fasi: costruzione dell'infrastruttura, allestimento per i Giochi e successiva disassemblaggio al termine delle competizioni. Si provvederà quindi al ripristino delle aree. ",Evento olimpico,40218676.87,SIMICO S.p.A.,SIMICO S.p.A.,ottenuto parere preventivo ai sensi dell',art. 3 di cui alla D.G.R. 1678 del 17/10/2017,n.d.,Conferenza di Servizi Decisoria,"art. 14, comma 2, L. 241/1990 e ss.mm.ii.",2024-07-30 00:00:00,2024-10-03 00:00:00,ATI - CRIPPACAMPEGGIO s.r.l - LOSBERGER DE BOERINTERNATIONAL B.V - F.LLI DE PRA S.p.A.,2024-12-18 00:00:00,2025-10-30 00:00:00,concluso,---,---,"Ultimazione lavori di disallestimento:
04/12/2026",,2026-01-22
A06.0,"Riqualificazione delle aree contermini di accesso alla venue di gara ""Stelvio Alpine Centre"" a Bormio (SO).",10.37073472018964,46.46632344719934,Lombardia,Comune di Bormio,Stelvio Alpine Centre,J94E21002880001,"L'intervento, ubicato all'interno del Comune di Bormio,  prevede la riqualificazione delle aree di accesso e il miglioramento della viabilità verso lo Ski Stadium, grazie alla realizzazione di una rotatoria parzialmente sormontabile a tre bracci.",Legacy,1260000,SIMICO S.p.A.,SIMICO S.p.A.,non prevista ai sensi del,D.Lgs. 152/2006 data la natura dell'intervento,n.d.,Conferenza di Servizi Decisoria,"art. 14, comma 2, L. 241/1990 e ss.mm.ii.",2024-07-05 00:00:00,2025-01-28 00:00:00,ECOEDILE S.R.L.,2025-04-15 00:00:00,2025-12-18 00:00:00,concluso,---,Stradali/Ferroviari,,,2026-01-22
A16.0,Lavori ripristino e ristrutturazione venues di gara,10.120488249370938,46.5215249983318,Lombardia,Comune di Livigno,Livigno Snow Park/Aerials Moguls,I11B21005970001,"L'intervento prevede la sistemazione della pista di rientro esistente, afferente alla venue di gara Livigno Aerials & Moguls, ubicata a Livigno, sul versante del comprensorio sciistico denominato Carosello 3000.",Legacy,1008000,SIMICO S.p.A.,SIMICO S.p.A.,valutazione  preliminare ai sensi dell',"art. 6, c. 9 del D.Lgs. 152/2006 e ss.mm.ii. con art. 3 del D.Lgs. n. 104 del 2017, modificato dall'art. 50, c. 1, L. 120/2020",2025-05-26 00:00:00,Conferenza di Servizi Decisoria,"art. 14, comma 2, L. 241/1990 e ss.mm.ii.",2025-09-30 00:00:00,2026-04-16 00:00:00,---,2026-06-17 00:00:00,2026-11-13 00:00:00,in progettazione,---,Altro,,,2026-01-22
A19.0,Completamento parcheggio venue pattinaggio sul ghiaccio,9.142649167311586,45.40159683019978,Lombardia,Comune di Assago,Mediolanum Forum Assago,J47H21005760001,L’intervento prevede il completamento e il miglioramento delle aree di parcheggio esistenti a servizio della venue di pattinaggio del Milano Forum di Assago. ,Legacy,2532853.13,SIMICO S.p.A.,SIMICO S.p.A.,non prevista ai sensi del,D.Lgs. 152/2006 data la natura dell'intervento,n.d.,Conferenza di Servizi Decisoria,"art. 14, comma 2, L. 241/1990 e ss.mm.ii.",2025-09-03 00:00:00,2025-12-31 00:00:00,CIVELLI SRL,2026-01-09 00:00:00,2026-07-25 00:00:00,in esecuzione,---,Stradali/Ferroviari,"Ultimazione lavori per Olimpiadi:
06/02/2026",,2026-01-22
A20.0,Adeguamenti venue biathlon,10.31819471744981,46.48298738902492,Lombardia,Comune di Valdidentro,Valdidentro - Azzurri d'Italia,G81B21006210002,"L’intervento prevede l’adeguamento funzionale dell’impianto sportivo dedicato al biathlon, denominato “Azzurri d’Italia, in tre lotti: Lotto 1: realizzazione del fabbricato adibito a ricovero dei mezzi tecnici e delle postazioni degli assistenti sportivi; Lotto 2: realizzazione del nuovo tracciato invernale e estivo (ski roller) con sistema di innevamento; Lotto 3: realizzazione del fabbricato adibito a spazi tecnici sportivi (spogliatoi, palestra, ambulatorio, sala polivalente, tribuna). ",Legacy,8062000,Comune di Valdidentro,Comune di Valdidentro,non prevista ai sensi del,D.Lgs. 152/2006 data la natura dell'intervento,n.d.,n.d.,n.d.,n.d.,n.d.,---,n.d.,n.d.,in progettazione,---,Altro,,,2026-01-22
A21.0,"Venue di gara ""Livigno Snow Park"" a Livigno (SO) - Lotto 2: sistemazione zona di arrivo e delle aree contermini.",10.142726559789944,46.539792746659500,Lombardia,Comune di Livigno,Livigno Snow Park,I11B21005950002,"L'intervento, ubicato a Livigno nella venue di gara Livigno Snow Park, prevede la realizzazione di una copertura temporanea del fiume Spoel al fine di consentirne l'attraversamento con lo sviluppo della parte terminale dei tracciati di gara che transitano sopra la copertura provvisoria, per terminare sull'altra sponda del fiume. Tale struttura sarà rimossa al termine dell'evento, con possibilità di reimpiego per future manifestazioni analoghe.",Evento olimpico,4791600,SIMICO S.p.A.,SIMICO S.p.A.,Verifica Assoggettabilità a VIA e valutazione preliminare per la variante,"art. 19 dlgs 152/2006 e ss.mm.ii e art. 6, c. 9 del D.Lgs. 152/2006 e ss.mm.ii.",2023-05-03 00:00:00,Conferenza di Servizi Decisoria,art. 14 L. 241/1990 e ss.mm.ii.,2023-10-31 00:00:00,2024-05-17 00:00:00,AR.CO. LAVORI SOCIETÀ COOPERATIVA CONSORTILE - LIVIPARK Soc.Cons.r.l. ( Hana S.r.l. -  Seli Manutenzioni Generali S.r.l.),2024-05-20 00:00:00,2025-08-30 00:00:00,concluso,---,---,"Ultimazione lavori di disallestimento:
19/08/2026",Commissario Straordinario,2026-01-22
A22.0,Proposta di partenariato pubblico privato per il nuovo impianto a fune con realizzazione di stazione intermedia,10.15218468813822,46.53313735184508,Lombardia,Comune di Livigno,Livigno Snow Park,J11B21007230001,"L'intervento prevede la sostituzione della vecchia cabinovia “Ponte Bondio – Mottolino” con una ad ammorsamento automatico delle cabine, in linea con gli impianti moderni delle principali stazioni sciistiche. La nuova cabinovia sarà utilizzabile sia d'inverno che d'estate offrendo un tragitto di circa 5 minuti e 20 secondi a una velocità di 6.00 m/s, migliorando comfort e accessibilità del comprensorio.",Legacy,30055505,SIMICO S.p.A.,SIMICO S.p.A.,Verifica Assoggettabilità a VIA,art. 19 dlgs 152/2006 e ss.mm.ii,2023-08-31 00:00:00,Conferenza di Servizi Decisoria,"art. 14, comma 2, L. 241/1990 e ss.mm.ii.",2023-12-28 00:00:00,2024-05-17 00:00:00,RTI Doppelmayr Italia - Mottolino S.p.A. - F.lli Trentini,2024-06-05 00:00:00,2025-08-11 00:00:00,concluso,---,Altro,,,2026-01-22
A24.0,"Nuovo impianto a fune per l'arroccamento a servizio della venue di gara ""Stelvio Alpine Centre"" a Bormio (SO).",10.38837242380225,46.45419576439086,Lombardia,Comune di Bormio,Stelvio Alpine Centre,J91B21002690001,"L'intervento prevede la costruzione di un nuovo impianto a fune, suddiviso in più tronchi, per migliorare l'accessibilità e la fruibilità alla pista Stelvio nel comprensorio di Bormio. ",Legacy,44800592.92,SIMICO S.p.A.,SIMICO S.p.A.,Verifica Assoggettabilità a VIA,art. 19 dlgs 152/2006 e ss.mm.ii,2025-04-16 00:00:00,Conferenza di Servizi Decisoria,"art. 14, comma 2, L. 241/1990 e ss.mm.ii.",2025-06-10 00:00:00,2025-07-18 00:00:00,RTI - GRAFFER S.r.l. e MONDINO COSTRUZIONI S.r.l. & MONTE P S.r.l.,2025-09-01 00:00:00,2027-02-15 00:00:00,in esecuzione,---,Altro,,Commissario Straordinario,2026-01-22
A28.0,"Venue di gara ""Livigno Aerials Moguls"" a Livigno (SO): lavori permanenti per i tracciati di gara, sistemazione delle skiweg e dell'impianto di risalita",10.120488249370938,46.5215249983318,Lombardia,Comune di Livigno,Livigno Aerials Moguls,C12H21000060001,"L'intervento, ubicato nella venue di gara Livigno aerials and moguls, nel comprensorio denominato Carosello 3000, prevede la modifica del pendio per ospitare due piste, per le discipline Moguls e Aerials, e la costruzione di un nuovo impianto di risalita (magic carpet) per la pista Aerials, oltre all'aggiornamento dell'impianto di illuminazione della pista di accesso con l'installazione di proiettori a LED.",Evento olimpico,5435725.47,SIMICO S.p.A.,SIMICO S.p.A.,"Valutazione preliminare con esito negativo, nessuna procedura attivata ai sensi dell'","art. 6, c. 9 del D.Lgs. 152/2006 e ss.mm.ii. con art. 3 del D.Lgs. n. 104 del 2017, modificato dall'art. 50, c. 1, L. 120/2020",2023-01-12 00:00:00,Conferenza di Servizi Decisoria,art. 14 L. 241/1990 e ss.mm.ii.,2023-04-24 00:00:00,2024-03-27 00:00:00,RTI IMPRESA RIGAMONTI SPA - LIVIGNO SCAVI SRL,2024-05-20 00:00:00,2024-12-21 00:00:00,concluso,---,---,,Commissario Straordinario,2026-01-22
A29.0,"Venue di gara ""Stelvio Alpine Centre"" a Bormio (SO) - Lotto 1: sistemazione dei tracciati di gara e delle zone di partenza.",10.386603311560675,46.45768019229100,Lombardia,Comune di Bormio,Stelvio Alpine Centre,C92H21000070001,"L'intervento, relativo al tracciato di gara della pista Stelvio, prevede la modernizzazione delle aree di partenza per ottimizzare l'esperienza degli sciatori e garantire standard di sicurezza elevati. Verrà realizzato un nuovo tracciato per lo slalom speciale e installato un nuovo sistema di illuminazione per consentire l'utilizzo della pista in notturna.",Evento olimpico,11757558.55,SIMICO S.p.A.,SIMICO S.p.A.,"Valutazione preliminare con esito negativo, nessuna procedura attivata ai sensi dell'","art. 6, c. 9 del D.Lgs. 152/2006 e ss.mm.ii. con art. 3 del D.Lgs. n. 104 del 2017, modificato dall'art. 50, c. 1, L. 120/2020",2023-05-19 00:00:00,Conferenza di Servizi Decisoria,art. 14 L. 241/1990 e ss.mm.ii.,2024-05-07 00:00:00,2024-08-02 00:00:00,ECOEDILE S.R.L.,2024-09-23 00:00:00,2025-12-01 00:00:00,concluso,---,---,,Commissario Straordinario,2026-01-22
A30.0,"Venue di gara ""Stelvio Alpine Centre"" a Bormio (SO) - Lotto 2: realizzazione dell'impianto di innevamento e opere annesse",10.386603311560675,46.45768019229100,Lombardia,Comune di Bormio,Stelvio Alpine Centre,C98E21000190001,"L'intervento prevede la realizzazione e il miglioramento delle infrastrutture tecnologiche per la pista Stelvio,  includendo la realizzazione di un nuovo impianto di innevamento, l'installazione di cablaggi in fibra ottica e il rinnovo dell'impianto di cronometraggio. ",Evento olimpico,19980134.37,SIMICO S.p.A.,SIMICO S.p.A.,"Valutazione preliminare con esito negativo, nessuna procedura attivata ai sensi dell'","art. 6, c. 9 del D.Lgs. 152/2006 e ss.mm.ii. con art. 3 del D.Lgs. n. 104 del 2017, modificato dall'art. 50, c. 1, L. 120/2020",2023-05-19 00:00:00,Conferenza di Servizi Decisoria,art. 14 L. 241/1990 e ss.mm.ii.,2025-04-01 00:00:00,2025-05-26 00:00:00,RTI: TechnoAlpin S.p.A. - EcoEdile S.r.l.,2025-07-11 00:00:00,2025-12-19 00:00:00,concluso,---,---,"Ultimazione lavori di finitura:
15/06/2026",Commissario Straordinario,2026-01-22
A31.0,"Realizzazione Piste, sistemazione ""Skiweg"", impianto di risalita a servizio delle aree di gara",10.145200932892449,46.53865475381478,Lombardia,Comune di Livigno,Livigno Snow Park,C15B21000050001,"Il progetto prevede il potenziamento del comprensorio di Livigno nel versante orientale della valle, nella venue di gara Livigno Snow Park, per lo svolgimento delle gare di snowboard. L'intervento mira a realizzare quattro piste di gara di livello olimpico: Halfpipe, Slalom gigante parallelo, Snowboard Cross e Slopestyle; è prevista, inoltre, la realizzazione di una seggiovia dedicata alle nuove strutture. Le piste olimpiche transiteranno sopra la struttura del nuovo parcheggio interrato Mottolino e attraverseranno il fiume Spoel con l'utilizzo di una copertura temporanea amovibile.",Evento olimpico,14647225.96,SIMICO S.p.A.,SIMICO S.p.A.,Verifica Assoggettabilità a VIA e valutazione preliminare per la variante,"art. 19 dlgs 152/2006 e ss.mm.ii e art. 6, c. 9 del D.Lgs. 152/2006 e ss.mm.ii.",2023-05-03 00:00:00,Conferenza di Servizi Decisoria,art. 14 L. 241/1990 e ss.mm.ii.,2023-10-31 00:00:00,2024-07-12 00:00:00,"RTI tra MAIR JOSEF & CO. SAS DI MAIR KLAUS, MND France SAS e TER SYSTEM S.r.l",2024-08-26 00:00:00,2026-01-19 00:00:00,concluso,---,---,"Ultimazione lavori di finitura:
07/11/2026",Commissario Straordinario,2026-01-22
A32.0,Nuovo bacino alpino comprensivo di allaccio e impianto di innevamento per tracciati di gara A e B,10.145200932892449,46.53865475381478,Lombardia,Comune di Livigno,Livigno Snow Park,C15B21000060001,"L'intervento si concentra sul versante orientale della valle, nella venue di gara Livigno Snow Park, per ospitare le gare di snowboard. Si prevede la realizzazione di un nuovo bacino di accumulo e di una stazione di pompaggio, che garantiranno un sistema di innevamento all'avanguardia in termini di efficienza energetica e sostenibilità per le piste olimpiche e post-olimpiche.",Evento olimpico,21725737.58,SIMICO S.p.A.,SIMICO S.p.A.,VIA,art. 23 dlgs 152/2006 e ss.mm.ii,2024-03-06 00:00:00,Conferenza di Servizi Decisoria,art. 14 L. 241/1990 e ss.mm.ii.,2024-03-06 00:00:00,2024-07-12 00:00:00,"RTI tra MAIR JOSEF & CO. SAS DI MAIR KLAUS, TECHNOALPIN S.p.A. e BRUNNER&LEITER S.r.l.",2024-08-26 00:00:00,2025-11-30 00:00:00,concluso,---,---,"Ultimazione lavori di finitura:
29/11/2026",Commissario Straordinario,2026-01-22
B01.1,Riqualificazione impianto per il pattinaggio di velocità Lotto 1 - Riqualificazione dello palazzetto indoor esistente,11.252434737247498,46.1260808292737,Area Dolomitica - Trento,Comune di Baselga di Piné,Ice Rink Oval,C82H22001360003,"L'intervento prevede la riqualificazione dell'efficienza energetica e la funzionalità del Palazzetto del Ghiaccio indoor con miglioramenti all'isolamento, ottimizzazione del sistema di refrigerazione e implementazione di un sistema di recupero del calore. ",Legacy,12185606.98,SIMICO S.p.A.,SIMICO S.p.A.,non prevista ai sensi del,D.Lgs. 152/2006 data la natura dell'intervento,n.d.,n.d.,n.d.,n.d.,2024-10-31 00:00:00,"RTI HOLLAENDER S.r.l., IMPRESA COSTRUZIONI CARRARO GEOM. ADRIANO & C. s.n.c.,  COSTRUZIONI CASAROTTO S.p.A.",2024-11-18 00:00:00,2026-08-01 00:00:00,in esecuzione,---,Altro,"Ultimazione lavori di prima fase:
31/01/2026",Commissario Straordinario,2026-01-22
B01.2,Riqualificazione impianto per il pattinaggio di velocità Lotto 2 - Riqualificazione dell'anello outdoor esistente,11.252434737247498,46.1260808292737,Area Dolomitica - Trento,Comune di Baselga di Piné,Ice Rink Oval,C82H22001370003,L'intervento prevede il rifacimento dell’anello ed il suo collegamento al palazzetto esistente della misura di 30x60 mt tramite un tunnel sotterraneo. ,Legacy,5100000,SIMICO S.p.A.,SIMICO S.p.A.,non prevista ai sensi del,D.Lgs. 152/2006 data la natura dell'intervento,n.d.,n.d.,n.d.,n.d.,2025-01-28 00:00:00,RTI COSTRUZIONI CASAROTTO S.p.A. - CARRARO IMPRESA SRL e HOLLAENDER S.R.L,2025-02-18 00:00:00,2026-01-30 00:00:00,in esecuzione,---,Altro,,Commissario Straordinario,2026-01-22
B01.3,Riqualificazione impianto per il pattinaggio di velocità Lotto 3 - Realizzazione del nuovo spazio polivalente indoor e interventi di completamento,11.252434737247498,46.1260808292737,Area Dolomitica - Trento,Comune di Baselga di Piné,Ice Rink Oval,C82H22001380003,"L'intervento prevede la realizzazione del nuovo spazio polivalente indoor e interventi di completamento del compendio sportivo con la riqualificazione dei locali tecnici esistenti,  l’installazione di teli riflettenti per evitare la dispersione del freddo della pista, un nuovo edificio volto a ospitare un campo da basket, una piastra 30x60, un campo indoor di tiro con l’arco e relativi servizi igienici e impianti. ",Legacy,17800000,SIMICO S.p.A.,SIMICO S.p.A.,non prevista ai sensi del,D.Lgs. 152/2006 data la natura dell'intervento,n.d.,Conferenza di Servizi Decisoria,art. 14 L. 241/1990 e ss.mm.ii.,2026-05-24 00:00:00,2026-08-07 00:00:00,---,2026-12-12 00:00:00,2027-12-12 00:00:00,in progettazione,---,Altro,,Commissario Straordinario,2026-01-22
B02.1,Riqualificazione Stadio per lo sci di Fondo Lotto Funzionale 1A - Nuovo volume interrato: per gli spogliatoi atleti ed i locali tecnici,11.52385227951603,46.28214815184704,Area Dolomitica - Trento,Comune di Tesero,Stadio del Fondo,C61B21013820004,L'intervento  prevede la realizzazione di un nuovo volume interrato per  i nuovi spogliatoi atleti e locali tecnici per gli skimen. ,Evento olimpico,5131170,Provincia Autonoma di Trento,Provincia Autonoma di Trento,non prevista ai sensi del,D.Lgs. 152/2006 data la natura dell'intervento,n.d.,Conferenza di Servizi Decisoria,"art. 14, comma 2, L. 241/1990 e ss.mm.ii.",2022-12-07 00:00:00,2023-07-25 00:00:00,Ati: C.T.S. s.r.l. - Impresa Edile Volcan Severno s.r.l. ,2023-10-02 00:00:00,2025-05-05 00:00:00,concluso,---,---,,,2026-01-22
B02.2,Riqualificazione Stadio per lo sci di Fondo Lotto  1B - Demolizione e ricostruzione edificio ex tribuna - realizzazione nuovo centro federale,11.52385227951603,46.28214815184704,Area Dolomitica - Trento,Comune di Tesero,Stadio del Fondo,C64J23000390003,"L’intervento prevede la demolizione tribune esistenti e la realizzazione di un nuovo edificio con una sala Lounge, uffici per cronometristi e giudici di gara, spogliatoi per i giudici, realizzazione di un nuovo edificio per il centro FISI con una sala per la preparazione fisica e una sala per i materiali. ",Evento olimpico,5179340,Provincia Autonoma di Trento,Provincia Autonoma di Trento,non prevista ai sensi del,D.Lgs. 152/2006 data la natura dell'intervento,n.d.,Conferenza di Servizi Decisoria,"art. 14, comma 2, L. 241/1990 e ss.mm.ii.",2022-12-07 00:00:00,2024-02-06 00:00:00,Stroppa Costruzioni s.r.l.,2024-03-04 00:00:00,2025-11-05 00:00:00,concluso,---,---,,,2026-01-22
B02.3,Riqualificazione Stadio per lo sci di Fondo Lotto Funzionale 2 - Manutenzione straordinaria dell'impianto sportivo,11.52385227951603,46.28214815184704,Area Dolomitica - Trento,Comune di Tesero,Stadio del Fondo,C64J23000400003,"L'intervento prevede la riqualificazione degli edifici esistenti dal rifacimento delle coperture alla sostituzione dei serramenti, adeguamento dell'illuminazione, sistemazione pavimenti, tinteggiatura e manutenzione straordinaria dei percorsi pedonali esterni lato piste. ",Evento olimpico,881499.76,Provincia Autonoma di Trento,Provincia Autonoma di Trento,non prevista ai sensi del,D.Lgs. 152/2006 data la natura dell'intervento,n.d.,n.d.,n.d.,n.d.,2025-03-13 00:00:00,F.LLI ZENI PIASTRELLISTI SNC,2025-04-01 00:00:00,2025-12-05 00:00:00,concluso,---,---,,,2026-01-22
B02.4,"Riqualificazione Stadio per lo sci di Fondo Lotto 3 - Adeguamento piste da sci, impianto d'innevamento e illuminazione",11.52385227951603,46.28214815184704,Area Dolomitica - Trento,Comune di Tesero,Stadio del Fondo,C64J23000410003,"Il progetto prevede la ridefinizione dei tracciati e la completa riqualificazione impiantistica comprendendo l'adeguamento delle piste da sci, l'impianto di innevamento e illuminazione, le manutenzioni tecnologiche con nuovi impianti (wi-fi, videosorveglianza, monitoraggio neve-meteo) e l'approvvigionamento idrico con una nuova opera di presa nel fiume Avisio.",Evento olimpico,6478750,Provincia Autonoma di Trento,Provincia Autonoma di Trento,non prevista ai sensi del,D.Lgs. 152/2006 data la natura dell'intervento,n.d.,Conferenza di Servizi Decisoria,"art. 14, comma 2, L. 241/1990 e ss.mm.ii.",2024-02-29 00:00:00,2024-07-23 00:00:00,MISCONEL SRL,2024-09-17 00:00:00,2025-12-18 00:00:00,concluso,---,---,,,2026-01-22
B02.5,Riqualificazione Stadio per lo sci di Fondo Lotto Funzionale 4 - Realizzazione pista da skiroll,11.52385227951603,46.28214815184704,Area Dolomitica - Trento,Comune di Tesero,Stadio del Fondo,C64J22001030003,L’intervento prevede la realizzazione di una nuova pista da skiroll con uno sviluppo totale di circa 2210 mt per rendere attivo il centro sportivo anche nel periodo estivo.,Legacy,2065260.24,Provincia Autonoma di Trento,Provincia Autonoma di Trento,non prevista ai sensi del,D.Lgs. 152/2006 data la natura dell'intervento,n.d.,Conferenza di Servizi Decisoria,"art. 14, comma 2, L. 241/1990 e ss.mm.ii.",2026-02-02 00:00:00,2026-05-30 00:00:00,---,2026-06-04 00:00:00,2026-11-30 00:00:00,in progettazione,---,Altro,,,2026-01-22
B03.0,Ristrutturazione trampolino 1956 e braciere | Interventi infrastrutturali di collegamento tecnologico e sottoservizi,12.14606691562256,46.51047588933449,Area Dolomitica - Veneto,Comune di Cortina,Medal Plaza Cortina,C44J22000320002,"L'intervento prevede il recupero del manufatto storico con risanamento del calcestruzzo, ripristino dei colori originali e la realizzazione di superfici a supporto dell’utenza comprensive della sistemazione delle sale d’aspetto, terrazze, ripristino delle tribune, torrette e un nuovo punto ristoro. ",Legacy,11745998.62,SIMICO S.p.A.,SIMICO S.p.A.,non prevista ai sensi del,D.Lgs. 152/2006 data la natura dell'intervento,n.d.,Conferenza di Servizi Decisoria,"art. 14, comma 2, L. 241/1990 e ss.mm.ii.",2024-12-20 00:00:00,2025-07-04 00:00:00,RTI  - ECOEDILE S.r.l - S.E.C.A.P. S.p.A e DUE ESSE IMPIANTI S.r.l.,2025-07-29 00:00:00,2026-07-28 00:00:00,in esecuzione,---,Altro,"Ultimazione lavori di prima fase:
24/01/2026",,2026-01-22
B04.0,"Cortina Olympic Stadium a Cortina d'Ampezzo (BL), ampliamento, adeguamento degli spogliatoi e manutenzione straordinaria della copertura",12.1331658616043,46.54450975312703,Area Dolomitica - Veneto,Comune di Cortina,Cortina Olympic Stadium,C44J22000280002,"L'intervento prevede la ristrutturazione e l'ampliamento degli spogliatoi, il superamento delle barriere architettoniche mediante nuove rampe e ascensori, l'ampliamento di spazi per attrezzature sportive e l'adeguamento dei servizi per gli spettatori.",Evento olimpico,22239197.67,SIMICO S.p.A.,SIMICO S.p.A.,non prevista ai sensi del,D.Lgs. 152/2006 data la natura dell'intervento,n.d.,Conferenza di Servizi Decisoria,art. 14 L. 241/1990 e ss.mm.ii.,2023-10-13 00:00:00,2024-02-28 00:00:00,RTI Ecoedile Duesse Impianti,2024-05-15 00:00:00,2025-09-25 00:00:00,concluso,Avviato il preliminary assessment LEED ,---,,,2026-01-22
B05.1,CORTINA SLIDING CENTRE - LOTTO 1 Strip out e interventi preparatori per la Pista “Eugenio Monti”,12.12322113148918,46.54521183249737,Area Dolomitica - Veneto,Comune di Cortina,Cortina Sliding Center “Eugenio Monti”,C47D21000050001,"L'intervento prevede la riqualificazione della storica pista ""E. Monti"" attraverso la demolizione della parte esistente mediante operazioni di rimozione delle strutture obsolete interferenti con l'area della pista.  ",Evento olimpico,3341518.27,Commissario Straordinario,SIMICO S.p.A.,"Valutazione preliminare con esito negativo, nessuna procedura attivata ai sensi dell'","art. 6, c. 9 del D.Lgs. 152/2006 e ss.mm.ii. con art. 3 del D.Lgs. n. 104 del 2017, modificato dall'art. 50, c. 1, L. 120/2020",2022-11-16 00:00:00,Conferenza di Servizi Decisoria,art. 14 L. 241/1990 e ss.mm.ii.,2022-11-16 00:00:00,2023-02-28 00:00:00,NOLDEM SPA ora UNICA SPA (atto di fusione del 06.03.2023),2023-02-28 00:00:00,2023-05-15 00:00:00,concluso,Concluso il preliminary assessment ENVISION ,---,,Commissario Straordinario,2026-01-22
B05.2,"CORTINA SLIDING CENTRE - LOTTO 2 Riqualificazione della Pista ""Eugenio Monti""",12.12322113148918,46.54521183249737,Area Dolomitica - Veneto,Comune di Cortina,Cortina Sliding Center “Eugenio Monti”,C47D21000060001,"L'intervento prevede la riqualificazione della pista ""E. Monti’ su 1650 mt che segue lo storico tracciato di 16 curve. La pista, progettata per minimizzare l'impatto ambientale, incorpora un avanzato sistema di refrigerazione con ampiezza frigorifera superiore ai  3MW e utilizza soluzioni ecocompatibili per la scelta dei liquidi di rifregirezione (Glicole), primo esempio al mondo di impianto sportivo di questa tipologia.",Evento olimpico,120774000,Commissario Straordinario,SIMICO S.p.A.,"Valutazione preliminare con esito negativo, nessuna procedura attivata ai sensi dell'","art. 6, c. 9 del D.Lgs. 152/2006 e ss.mm.ii. con art. 3 del D.Lgs. n. 104 del 2017, modificato dall'art. 50, c. 1, L. 120/2020",2022-11-16 00:00:00,Conferenza di Servizi Decisoria,art. 14 L. 241/1990 e ss.mm.ii.,2023-01-18 00:00:00,2024-01-31 00:00:00,IMPRESA PIZZAROTTI & C. SPA,2024-02-19 00:00:00,2025-11-05 00:00:00,concluso,Concluso il preliminary assessment ENVISION ,---,"Ultimazione lavori di finitura:
05/07/2026",Commissario Straordinario,2026-01-22
B05.4,CORTINA SLIDING CENTRE - Recupero edificio Cabina S e realizzazione nuovo edificio Bob bar,12.12322113148918,46.54521183249737,Area Dolomitica - Veneto,Comune di Cortina,Cortina Sliding Center “Eugenio Monti”,C47D21000080008,"L'intervento prevede il restauro della vecchia Cabina S, con annessa riqualificazione degli spazi interni ed esterni al manufatto; la realizzazione del nuovo edificio ""Bob-Bar"" in sostituzione di quello demolito durante la realizzazione della nuova pista di bob-skeleton e slittino ""Eugenio Monti""",Evento olimpico,2610481.34,Commissario Straordinario,SIMICO S.p.A.,"Valutazione preliminare con esito negativo, nessuna procedura attivata ai sensi dell'","art. 6, c. 9 del D.Lgs. 152/2006 e ss.mm.ii. con art. 3 del D.Lgs. n. 104 del 2017, modificato dall'art. 50, c. 1, L. 120/2020",2022-11-16 00:00:00,Conferenza di Servizi Decisoria,art. 14 L. 241/1990 e ss.mm.ii.,2025-06-17 00:00:00,2025-08-14 00:00:00,EDILSOLIGO IMPRESA COSTRUZIONI S.r.l.,2025-09-09 00:00:00,2026-01-25 00:00:00,in esecuzione,---,---,"Ultimazione lavori di finitura:
05/07/2026",Commissario Straordinario,2026-01-22
B05.5,CORTINA SLIDING CENTRE - Percorso del Memoriale della vecchia pista Eugenio Monti,12.12322113148918,46.54521183249737,Area Dolomitica - Veneto,Comune di Cortina,Cortina Sliding Center “Eugenio Monti”,C47D21000090001,"L'intervento prevede la realizzazione del memoriale dedicato alle discipline del bob, skeleton e slittino con un richiamo particolare alle Olimpiadi del 1956. Attraverso l'illustrazione della storia e l'evoluzione di queste discipline sportive, celebrandone il patrimonio culturale, sociale e sportivo, si offrirà un'esperienza emozionante e formativa ai visitatori. ",Legacy,2100000,Commissario Straordinario,SIMICO S.p.A.,"Valutazione preliminare con esito negativo, nessuna procedura attivata ai sensi dell'","art. 6, c. 9 del D.Lgs. 152/2006 e ss.mm.ii. con art. 3 del D.Lgs. n. 104 del 2017, modificato dall'art. 50, c. 1, L. 120/2020",2022-11-16 00:00:00,Conferenza di Servizi Decisoria,art. 14 L. 241/1990 e ss.mm.ii.,2026-05-30 00:00:00,2026-08-18 00:00:00,---,2026-10-22 00:00:00,2027-11-26 00:00:00,in progettazione,---,Altro,,Commissario Straordinario,2026-01-22
B05.6,CORTINA SLIDING CENTRE - Cortina Guest House - Realizzazione nuova foresteria per atleti,12.12322113148918,46.54521183249737,Area Dolomitica - Veneto,Comune di Cortina,Cortina Sliding Center “Eugenio Monti”,C45B21000030001,L'intervento prevede la rifunzionalizzazione di edifici esistenti destinandoli a servizi di ospitalità per gli atleti.,Legacy,4800000,Commissario Straordinario,SIMICO S.p.A.,"Valutazione preliminare con esito negativo, nessuna procedura attivata ai sensi dell'","art. 6, c. 9 del D.Lgs. 152/2006 e ss.mm.ii. con art. 3 del D.Lgs. n. 104 del 2017, modificato dall'art. 50, c. 1, L. 120/2020",2022-11-16 00:00:00,Conferenza di Servizi Decisoria,art. 14 L. 241/1990 e ss.mm.ii.,n.d.,n.d.,---,n.d.,n.d.,in progettazione,---,Altro,,Commissario Straordinario,2026-01-22
B06.1,Posa condotte e nuova opera di presa idrica dal fiume Boite,12.1020834131936,46.53668072587332,Area Dolomitica - Veneto,Comune di Cortina,Pista Olimpia della Tofana,C45B25000050003,"L'intervento prevede il potenziamento del bacino esistente ubicato nella venue di gara della Pista Olimpia Tofane, con ampliamento della relativa rete di innevamento",Evento olimpico,7114579.81,SIMICO S.p.A.,SIMICO S.p.A.,non prevista ai sensi del,D.Lgs. 152/2006 data la natura dell'intervento,n.d.,Conferenza di Servizi Decisoria,art. 14 L. 241/1990 e ss.mm.ii.,2025-07-01 00:00:00,2025-08-12 00:00:00,RTI MAIR JOSEF & CO. SAS - TECHNOALPIN S.p.A - SEVIS S.r.l,2025-10-03 00:00:00,2025-12-24 00:00:00,concluso,---,---,"Ultimazione lavori di finitura:
30/06/2026",Commissario Straordinario,2026-01-22
B06.2,Upgrade delle strutture e delle dotazioni per aggiornamento alle nuove tecnologie e adeguamento alle competizioni paralimpiche,12.1020834131936,46.53668072587332,Area Dolomitica - Veneto,Comune di Cortina,Pista Olimpia della Tofana,C45B22000570002,L’intervento prevede l’aggiornamento degli impianti di alimentazione elettrica e delle attrezzature dell’area coinvolta nelle discipline sportive adeguandola alle competizioni paralimpiche. ,Evento olimpico,1536413.89,SIMICO S.p.A.,SIMICO S.p.A.,non prevista ai sensi del,D.Lgs. 152/2006 data la natura dell'intervento,n.d.,Conferenza di Servizi Decisoria,art. 14 L. 241/1990 e ss.mm.ii.,2024-08-13 00:00:00,2024-10-07 00:00:00,DEON S.p.a,2025-04-22 00:00:00,2025-12-16 00:00:00,concluso,---,---,,,2026-01-22
B07.1,Interventi per accessibilità dell'anfiteatro Arena di Verona - Completamento della riqualificazione dei servizi igienici dell'anfiteatro,10.99435739998741,45.43899579989576,Area Dolomitica - Veneto,Comune di Verona,Arena Verona,I32C17000000007,"L'intervento prevede la completa riqualificazione dei servizi igienici dell'Arena di Verona con un nuovo volume interrato posto nelle immediate vicinanze del sito, tenendo conto della particolare rilevanza storico-architettonica.",Evento olimpico,1624000,Comune di Verona,Comune di Verona,non prevista ai sensi del,D.Lgs. 152/2006 data la natura dell'intervento,n.d.,n.d.,n.d.,n.d.,2019-01-28 00:00:00,PROG. RES. s.r.l / SERVER s.r.l,2025-04-19 00:00:00,2025-12-29 00:00:00,concluso,---,---,"Ultimazione opere minori:
29/06/2026",,2026-01-22
B07.2,Interventi per accessibilità dell'anfiteatro Arena di Verona - Riqualificazione degli accessi,10.994493635491612,45.439131608298176,Area Dolomitica - Veneto,Comune di Verona,Arena Verona,C37B22000370001,"L'intervento prevede interventi mirati a favorire l'accessibilità all'Arena consistenti nella costruzione di un ascensore per gli anelli superiori, connessione verticale tra il vallo e la sommità dell'arena, rimozione delle barriere architettoniche, eliminazione dei parapetti a rischio e miglioramento delle percorrenze interne ed esterne.",Evento olimpico,19064584.19,SIMICO S.p.A.,SIMICO S.p.A.,non prevista ai sensi del,D.Lgs. 152/2006 data la natura dell'intervento,n.d.,Conferenza di Servizi Decisoria,art. 14 L. 241/1990 e ss.mm.ii.,2024-12-23 00:00:00,2025-06-03 00:00:00,KOSTRUTTIVA ScpA,2025-07-16 00:00:00,2028-10-01 00:00:00,in esecuzione,---,---,"Ultimazione lavori per Olimpiadi:
25/01/2026",,2026-01-22
B09.1,Realizzazione del nuovo impianto a fune,12.13610957899233,46.53314914607808,Area Dolomitica - Veneto,Comune di Cortina,Tofane,C41C22004870003,"L'intervento prevede la realizzazione del nuovo impianto a fune nella tratta Apollonio - Socrepes, a servizio del versante Tofane di Cortina, dove si terranno le competizioni di sci previste sulla pista Olimpia. Funzionalmente completerà l'intervento la realizzazione del parcheggio ed il sistema di mobilità integrato, previsti sull'opera B09.2, che consentiranno il collegamento dei versanti sciistici.",Legacy,34930322.52,SIMICO S.p.A.,SIMICO S.p.A.,VIA,art. 44 del D.L. 77 del 31/05/2021 e della D.G.R. 569 del 20/05/2024,2025-02-21 00:00:00,Conferenza di Servizi Decisoria,"art. 14, comma 2, L. 241/1990 e ss.mm.ii.",2025-04-22 00:00:00,2025-07-07 00:00:00,RTI - Graffer S.r.l - ECOEDILE - S.r.l. e DOLOMITI STRADE S.r.l.,2025-07-10 00:00:00,2026-02-01 00:00:00,in esecuzione,---,Altro,"Ultimazione lavori di finitura:
31/07/2026",Commissario Straordinario,2026-01-22
B09.2,Proposta di Partenariato pubblico privato nuovo sistema integrato di mobilità intermodale nel Comune di Cortina,12.13610957899233,46.53314914607808,Area Dolomitica - Veneto,Comune di Cortina,Tofane,C41C22004880001,"L'intervento prevede un sistema combinato di opere tra loro interconnesse e strettamente interdipendenti.Il progetto include un edificio multifunzionale che ospita servizi, ristoro e un centro wellness su cinque livelli. E' compreso un parcheggio su tre livelli per 750 auto e 114 box privati oltre a un'ampia area per i trasporti pubblici. Questa struttura collega direttamente il parcheggio alla stazione di partenza ai servizi migliorando l'accessibilità e la fruibilità dell'area sciistica.",Legacy,105537194.46,SIMICO S.p.A.,SIMICO S.p.A.,VIA,art. 44 del D.L. 77 del 31/05/2021 e della D.G.R. 569 del 20/05/2024,2025-02-21 00:00:00,Conferenza di Servizi Decisoria,"art. 14, comma 2, L. 241/1990 e ss.mm.ii.",n.d.,n.d.,---,n.d.,n.d.,in progettazione,---,Altro,,,2026-01-22
B10.1,Riqualificazione di immobili residenziali pubblici nel Comune di Cortina d'Ampezzo (BL).,12.132572202162878,46.52352588837303,Area Dolomitica - Veneto,Comune di Cortina,Cortina,C44J22001810001,"L’intervento prevede la ristrutturazione di  appartamenti  in Via del Campo - per i quali è previsto un intervento di risanamento delle tubature e ristrutturazione interne sui bagni e finiture - e in Via Olimpia, con una manutenzione straordinaria, consistente nel  risanamento completo degli impianti e delle finiture interne. ",Legacy,535544.48,SIMICO S.p.A.,SIMICO S.p.A.,non prevista ai sensi del,D.Lgs. 152/2006 data la natura dell'intervento,n.d.,n.d.,n.d.,n.d.,2023-06-19 00:00:00,Fontana S.r.l.,2023-08-28 00:00:00,2024-09-30 00:00:00,concluso,---,Altro,,,2026-01-22
B10.2,Riqualificazione dell'immobile ex-Panificio nel Comune di Cortina d'Ampezzo (BL),12.136254576544893,46.5371317998832,Area Dolomitica - Veneto,Comune di Cortina,Cortina,C44J22001820001,"L'intervento prevede la riqualificazione dell’immobile denominato Ex-panificio che, durante i Giochi, sarò adibito ad attività di supporto allo svolgimento dell’evento olimpico. Successivamente, l’edificio verrà restituito al territorio, quale intervento di legacy.  ",Legacy,7015228.02,SIMICO S.p.A.,SIMICO S.p.A.,non prevista ai sensi del,D.Lgs. 152/2006 data la natura dell'intervento,n.d.,n.d.,n.d.,n.d.,2024-09-18 00:00:00,RTI Ecoedile Duesse Impianti,2024-10-31 00:00:00,2026-03-03 00:00:00,in esecuzione,---,Altro,,,2026-01-22
B10.3,Riqualificazione della piazza ex-Mercato nel Comune di Cortina d'Ampezzo (BL).,12.136216153514924,46.53692323793828,Area Dolomitica - Veneto,Comune di Cortina,Cortina,C44J22001830001,L'intervento prevede di riqualificazione di Piazza Mercato ad una quota ribassata in modo tale da conservare la vista del paesaggio e avere uno spazio pedonale protetto con la realizzazione di un parcheggio interrato sotto la piazza stessa.,Legacy,7537829.02,SIMICO S.p.A.,SIMICO S.p.A.,non prevista ai sensi del,D.Lgs. 152/2006 data la natura dell'intervento,n.d.,Conferenza di Servizi Decisoria,"art. 14, comma 2, L. 241/1990 e ss.mm.ii.",2024-05-03 00:00:00,2026-04-15 00:00:00,---,2026-05-21 00:00:00,2027-10-14 00:00:00,in progettazione,---,Altro,,,2026-01-22
B11.1,Riqualificazione di immobili pubblici nel Comune di Bormio (SO).,10.37645517903512,46.46804884037116,Lombardia,Comune di Bormio,Bormio,C94J22001550001,"L'intervento prevede la riqualificazione di immobili pubblici del Comune di Bormio che dapprima accoglieranno attività di supporto allo svolgimento dell’evento olimpico (servizi logistici, direzionali e di ospitalità) e saranno poi restituite al territorio, quale intervento di legacy, a destinazione d’uso misto. ",Legacy,6000000,SIMICO S.p.A.,SIMICO S.p.A.,non prevista ai sensi del,D.Lgs. 152/2006 data la natura dell'intervento,n.d.,n.d.,n.d.,n.d.,n.d.,---,n.d.,n.d.,in progettazione,---,Altro,,,2026-01-22
B11.2,Interventi per immobili pubblici nel Comune di Livigno (SO).,10.1133986,46.5322106,Lombardia,Comune di Livigno,Livigno,C14J22001860001,"L'intervento prevede la riqualificazione di immobili pubblici del Comune di Livigno, nell'area della struttura esistente denominata Acquagranda, che accoglieranno attività con funzioni diverse a destinazione d’uso mista, compresa la realizzazione di alloggi per atleti con disabilità. ",Legacy,6000000,SIMICO S.p.A.,SIMICO S.p.A.,non prevista ai sensi del,D.Lgs. 152/2006 data la natura dell'intervento,n.d.,Conferenza di Servizi Decisoria,art. 14 L. 241/1990 e ss.mm.ii.,n.d.,n.d.,---,n.d.,n.d.,in progettazione,---,Altro,,,2026-01-22
B11.3,Interventi per immobili pubblici nella Provincia di Trento.,11.0791564,46.080454,Area Dolomitica - Trento,Provincia Autonoma di Trento,Trento,C44J22001840001,"L'intervento prevede la riqualificazione di immobili pubblici della Provincia di Trento che dapprima accoglieranno attività di supporto allo svolgimento dell’evento olimpico (servizi logistici, direzionali e di ospitalità) e saranno poi restituite al territorio, quale intervento di legacy, a destinazione d’uso residenze agevolate.  ",Legacy,275100,SIMICO S.p.A.,SIMICO S.p.A.,non prevista ai sensi del,D.Lgs. 152/2006 data la natura dell'intervento,n.d.,n.d.,n.d.,n.d.,n.d.,---,n.d.,n.d.,in progettazione,---,Altro,,,2026-01-22
B11.5,Casa culturale Anterselva di Mezzo,12.102025,46.859961,Area Dolomitica - Bolzano,Comune di Rasun Anterselva,Bolzano,C54H21000120005,"L'intervento prevede la riqualificazione dell'immobile pubblico ""Casa Culturale Anterselva di Mezzo"" del Comune di Rasun Anterselva (BZ)",Legacy,4500300,SIMICO S.p.A.,Comune di Rasun Anterselva,non prevista ai sensi del,D.Lgs. 152/2006 data la natura dell'intervento,n.d.,n.d.,n.d.,n.d.,2025-03-03 00:00:00,RTI - Gasser Markus S.r.l. & Decor S.r.l.,2025-03-25 00:00:00,2025-12-19 00:00:00,concluso,---,Altro,"Ultimazione opere minori:
30/04/2026",,2026-01-22
B13.0,Realizzazione del parcheggio interrato Mottolino località Bondi,10.143107,46.539304,Lombardia,Comune di Livigno,Livigno,B11B21001260002,"L'intervento prevede la costruzione di un'autorimessa interrata su tre livelli che si integra in modo armonico nel paesaggio. La struttura avrà una superficie 45x150 mt al piano terra, 40x150 mt al primo piano e 35x150 mt al secondo piano, offrendo un totale di circa 500 posti auto. La posizione del parcheggio permetterà di ridurre l'impatto ambientale contribuendo alla gestione del traffico e alla riduzione di inquinamento atmosferico e acustico attraverso un servizio di navette elettriche che lo collegherà al centro di Livigno. La copertura dell'autorimessa fungerà da base per le piste da sci durante le competizioni olimpiche. ",Legacy,35910265.14,SIMICO S.p.A.,SIMICO S.p.A.,Verifica Assoggettabilità a VIA,art. 19 dlgs 152/2006 e ss.mm.ii,2023-05-03 00:00:00,Conferenza di Servizi Decisoria,"art. 14, comma 2, L. 241/1990 e ss.mm.ii.",2023-05-13 00:00:00,2024-02-14 00:00:00,AR.CO. LAVORI SOCIETÀ COOPERATIVA CONSORTILE - LIVIPARK Soc.Cons.r.l. ( Hana S.r.l. -  Seli Manutenzioni Generali S.r.l.),2024-04-16 00:00:00,2026-01-15 00:00:00,concluso,---,Stradali/Ferroviari,"Ultimazione opere minori:
31/07/2026",Commissario Straordinario,2026-01-22
B15.0,Costruzione di un bacino artificiale per l'innevamento,12.156111,46.879496,Area Dolomitica - Bolzano,Comune di Rasun Anterselva,Stadio del Biathlon di Anterselva,I52E22000860004,"L’intervento prevede la realizzazione di un nuovo bacino di accumulo dell’acqua per l’innevamento delle piste da sci da fondo di Anterselva con invaso fuori alveo, bacino fuori terra, sbarramento in materiali sciolti. La lunghezza totale sarà di circa 125 mt, larghezza di circa 79 mt, profondità massima di 8,27 mt per una capacità utile di circa 30.000 m3, superficie massima dello specchio d’acqua pari a circa 6.000 m2.",Evento olimpico,5000000,Comune di Rasun Anterselva,Comune di Rasun Anterselva,Verifica Assoggettabilità a VIA,art. 19 dlgs 152/2006 e ss.mm.ii e L.P. 42/2017,2024-09-15 00:00:00,Conferenza di Servizi Decisoria,art. 14 L. 241/1990 e ss.mm.ii.,2025-01-23 00:00:00,2025-07-16 00:00:00, Karl Wieser SNC,2025-08-05 00:00:00,2026-01-15 00:00:00,concluso,---,---,"Ultimazione lavori di finitura:
12/04/2026",,2026-01-22
B16.0,Infrastrutture - Approvvigionamento elettrico Cabine BT/MT,12.15315006609745,46.88484235791036,Area Dolomitica - Bolzano,Comune di Rasun Anterselva,Stadio del Biathlon di Anterselva,I54E21026440001,L'intervento prevede i lavori per l'adeguamento tecnologico-impiantistico all'infrastruttura elettrica a servizio degli impianti sportivi di Anterselva con un potenziamento e messa in sicurezza dell’alimentazione elettrica del centro sportivo. ,Evento olimpico,4109600,Comune di Rasun Anterselva,Comune di Rasun Anterselva,non prevista ai sensi del,D.Lgs. 152/2006 data la natura dell'intervento,n.d.,Permesso a costruire,n.d.,2023-05-17 00:00:00,n.d.,PLONER srl,2023-11-09 00:00:00,2025-03-21 00:00:00,concluso,---,---,,,2026-01-22
B17.0,"Impianto sportivo Anterselva sistemazione illuminazione, controllo accessi, digitalizzazione",12.15315006609745,46.88484235791036,Area Dolomitica - Bolzano,Comune di Rasun Anterselva,Stadio del Biathlon di Anterselva,I55B22000300001,L’intervento prevede il potenziamento dell’impianto di illuminazione dello stadio del biathlon di Anterselva.,Evento olimpico,4510500,Comune di Rasun Anterselva,Comune di Rasun Anterselva,non prevista ai sensi del,D.Lgs. 152/2006 data la natura dell'intervento,n.d.,Permesso a costruire,n.d.,2023-12-19 00:00:00,2024-05-29 00:00:00,ATI ELPO srl/UNIONBAU SPA,2024-07-24 00:00:00,2025-09-21 00:00:00,concluso,---,---,,,2026-01-22
B18.0,Adeguamento dello Stadio del biathlon di Anterselva,12.15315006609745,46.88484235791036,Area Dolomitica - Bolzano,Comune di Rasun Anterselva,Stadio del Biathlon di Anterselva,I54E21026450001,"L'intervento prevede la costruzione di un nuovo corpo di fabbrica con facciata fotovoltaica, includendo un deposito per armi e munizioni, spazi funzionali per il CIO trasformabili post-Olimpiadi e nuove cabine per reporter. Inoltre, verranno realizzati nuovi tunnel per macchine battipista e collegamenti verticali per migliorare l'accessibilità e la sicurezza del sito.",Evento olimpico,37370936.07,Comune di Rasun Anterselva,Comune di Rasun Anterselva,non prevista ai sensi del,D.Lgs. 152/2006 data la natura dell'intervento,n.d.,Permesso a costruire,n.d.,2022-09-07 00:00:00,2023-07-17 00:00:00,Unionbau AG,2023-07-19 00:00:00,2026-01-15 00:00:00,in esecuzione,---,---,"Ultimazione lavori di legacy:
31/03/2028",,2026-01-22
B19.0,Collegamento dei versanti con realizzazione di parcheggio presso stazione intermedia,10.122721,46.523175,Lombardia,Comune di Livigno,Livigno,C11C22006460007,"L'intervento prevede il collegamento dei versanti sciistici di Livigno mediante la realizzazione di due linee di cabinovia - Carosello-Freita-Valfin -  e l'integrazione di un parcheggio interrato in corrispondenza della stazione intermedia su via Freita, per un totale di circa 500 posti auto. ",Legacy,52256200,SIMICO S.p.A.,SIMICO S.p.A.,Verifica Assoggettabilità a VIA,art. 19 dlgs 152/2006 e ss.mm.ii,2025-03-27 00:00:00,Conferenza di Servizi Decisoria,"art. 14, comma 2, L. 241/1990 e ss.mm.ii.",2025-05-20 00:00:00,2025-09-30 00:00:00,RTI: ECOEDILE S.r.l. –  GRAFFER S.r.l. – DOLOMITI STRADE S.r.l.,2026-03-31 00:00:00,2027-11-12 00:00:00,in esecuzione,In avvio il preliminary assessment ENVISION ,Altro,,Commissario Straordinario,2026-01-22
C01.0,Demolizione e ricostruzione ponte 44/14 al km 11+655.,12.1055333378621,46.86089436709443,Area Dolomitica - Bolzano,Comune di Anterselva,SP44,B51B20000330003,"L’intervento consiste nella demolizione del ponte 44/14 che attraversa il Rio di Anterselva ricostruendone un nuovo sul medesimo sedime. Saranno realizzate due nuove spalle tra quelle esistenti. Ciascuna fondazione delle due spalle appoggerà su otto pali trivellati di grande diametro di lunghezza pari a 25,0 mt. L’impalcato sarà realizzato in struttura mista acciaio-calcestruzzo. ",Legacy,3771000,SIMICO S.p.A.,Provincia Autonoma di Bolzano,non prevista ai sensi del,D.Lgs. 152/2006 data la natura dell'intervento,n.d.,Conformitá Urbanistica,"art. 70, c. 1, lett. c) L. prov. n. 9/2018",2023-05-12 00:00:00,2024-05-06 00:00:00,Goller Bögl srl,2024-10-01 00:00:00,2025-10-09 00:00:00,concluso,---,Stradali/Ferroviari,,,2026-01-22
C02.0,Intervento stradale su incrocio ed accesso ad Anterselva.,12.04156222564245,46.77261998578278,Area Dolomitica - Bolzano,Comune di Anterselva,SS49 - SP44,B57H20000870003,"L’intervento prevede la modifica di due incroci sulla S.S. 49 della Val Pusteria, il primo con la S.P. 43 per Valdaora e il secondo con la S.P. 44 per Anterselva nel comune di Rasun Anterselva. L'intersezione è progettata come una rotatoria a raso con due corsie aggiuntive sotto forma di bypass. Per ridurre l’impatto ambientale e paesaggistico sono previste adeguate misure di mitigazione ambientale oltre alla previsione di fermate degli autobus e dei marciapiedi e la riqualificazione della pista ciclabile. ",Legacy,36184029.99,SIMICO S.p.A.,Provincia Autonoma di Bolzano,Verifica Assoggettabilità a VIA,artt. 6 e 7 L. prov. n. 17/2017 e ss.mm.ii.,2023-12-18 00:00:00,Modifica PUC,"art. 103, c. 5 L. prov. n. 9/2018",2024-05-28 00:00:00,2025-10-13 00:00:00,RTI Unionbau AG - Brunner & Leiter GmbH,2025-11-10 00:00:00,2027-10-10 00:00:00,in esecuzione,---,Stradali/Ferroviari,,,2026-01-22
C03.0,Ampliamento stradale con terza corsia alternata SS49,11.86678,46.789608,Area Dolomitica - Bolzano,Provincia Autonoma di Bolzano,SS49 - SP44,B94E20002350003,"L’intervento prevede l’ampliamento a tre corsie della sezione stradale in un tratto della S.S. 49 compreso tra Chienes e “Kniepass"" permettendo una maggiore scorrevolezza del traffico e un miglior comfort con i mezzi lenti. Constatata la frequenza di incidenti per investimento di animali selvatici è prevista anche la realizzazione di un percorso di attraversamento della S.S. 49 tramite un ponte rinverdito.",Legacy,10625835.67,SIMICO S.p.A.,Provincia Autonoma di Bolzano,Conferenza dei Servizi in materia ambientale,art. 42 L. prov. n. 17/2017 e ss.mm.ii.,2025-01-31 00:00:00,Conformitá Urbanistica,"art. 70, c. 1, lett. c) L. prov. n. 9/2018",2025-10-13 00:00:00,2026-05-18 00:00:00,---,2026-06-24 00:00:00,2027-09-09 00:00:00,in progettazione,---,Stradali/Ferroviari,,,2026-01-22
C04.0,Nuovo collegamento con circonvallazione di Dobbiaco.,12.240002,46.725412,Area Dolomitica - Bolzano,Comune di Dobbiaco,SS49,B74E20001220003,"L’intervento prevede un nuovo collegamento tra la S.S. 49 della Val Pusteria e la S.S. 51 di Alemagna proveniente da Cortina d’Ampezzo con una tangenziale per Dobbiaco. L’obiettivo è ridurre il traffico motorizzato in attraversamento di Dobbiaco e realizzare nuovi parcheggi presso la stazione ferroviaria per migliorare l’offerta di trasporto pubblico. Al fine di evitare l’interruzione dei principali collegamenti con Cortina d’Ampezzo e con l'Austria è necessario eseguire le opere in lotti. Si prevedono, in sintesi, le seguenti fasi costruttive prevalenti: Lotto 1: realizzazione del collegamento tra S.S. 49 e S.S. 51 con la stazione ferroviaria di Dobbiaco e riorganizzazione stazione e parcheggi contermini; Lotto 2: realizzazione della circonvallazione di Dobbiaco Sud; Lotto 3: realizzazione di lavori di adeguamento del tratto della S.S. 51 di collegamento con la S.S. 49.",Legacy,20965616.93,SIMICO S.p.A.,Provincia Autonoma di Bolzano,non prevista ai sensi del,D.Lgs. 152/2006 data la natura dell'intervento,n.d.,n.d.,n.d.,n.d.,n.d.,---,n.d.,n.d.,in progettazione,---,Stradali/Ferroviari,,,2026-01-22
C05.0,Circonvallazione di Perca.,11.98628,46.791305,Area Dolomitica - Bolzano,Comune di Perca,SS12,B51B11001060003,L’intervento prevede la realizzazione di un tracciato a valle dell’abitato di Perca con la costruzione di una nuova galleria collegata alla superficie mediante un pozzo di aerazione di profondità di circa 100 mt. Tale infrastruttura si sviluppa per 640 mt a cielo aperto e per i restanti 2300 mt a foro cieco. Verranno realizzati uno svincolo a trombetta e una nuova intersezione stradale a livelli sfalsati ad Est dell’abitato di Rio Liccio con innesto diretto verso San Candido. Sono previste inoltre cinque piazzole di sosta e quattro vie di fuga.,Legacy,171718291.29,SIMICO S.p.A.,Provincia Autonoma di Bolzano,Verifica Assoggettabilità a VIA,artt. 6 e 7 L. prov. n. 17/2017 e ss.mm.ii.,2020-10-07 00:00:00,Conformitá Urbanistica,"art. 70, c. 1, lett. c) L. prov. n. 9/2018",2021-06-11 00:00:00,2022-10-24 00:00:00,Strabag SPA- Alpenbau Srl- Unionbau SPA,2022-10-24 00:00:00,2028-04-30 00:00:00,in esecuzione,---,Stradali/Ferroviari,,,2026-01-22
C06.0,Eliminazione passaggio a livello con sottopasso ferroviario - San Candido.,12.264312,46.729642,Area Dolomitica - Bolzano,Comune di San Candido,Incrocio SS59 SS52,B21B18000120003,"L’intervento prevede la modifica sostanziale dell’intersezione stradale a raso nei pressi di Dobbiaco, compreso il passaggio ferroviario, al fine di aumentare l’efficienza e la sicurezza della viabilità. Sarà quindi realizzata una nuova rotatoria con un diametro di 45 mt, una rampa e  un ponte lungo circa 100 mt sopra la S.S. 49, la linea ferroviaria e la Drava, per raggiungere la S.S. 52 in direzione Sesto.",Legacy,20464907.66,SIMICO S.p.A.,Provincia Autonoma di Bolzano,Verifica Assoggettabilità a VIA,artt. 6 e 7 L. prov. n. 17/2017 e ss.mm.ii.,2023-08-28 00:00:00,Modifica PUC,"art. 103, c. 5 L. prov. n. 9/2018",2024-02-16 00:00:00,n.d.,---,n.d.,n.d.,in progettazione,---,Stradali/Ferroviari,,,2026-01-22
C07.0,Collegamento Valbadia - Cortina (Tratta PA Bolzano) II Lotto.,11.974963,46.552327,Area Dolomitica - Bolzano,Provincia Autonoma di Bolzano,SP37,B34E20001610003,"L'intervento prevede che la tratta stradale di interesse della S.P. 37 tra San Cassiano e la provincia di Belluno, notoriamente caratterizzata da cedimenti differenziali in corrispondenza del ciglio verso valle venga messo in sicurezza dagli eventi franosi e potenziali disseti. Contestualmente sarà realizzato un tratto di pista ciclabile.",Legacy,6318900,SIMICO S.p.A.,Provincia Autonoma di Bolzano,non prevista ai sensi del,D.Lgs. 152/2006 data la natura dell'intervento,n.d.,Conformitá Urbanistica,"art. 70, c. 1, lett. c) L. prov. n. 9/2018",2023-10-15 00:00:00,2024-05-10 00:00:00,Alpenbau Srl,2024-06-24 00:00:00,2025-11-19 00:00:00,concluso,---,Stradali/Ferroviari,"Ultimazione lavori di finitura:
30/06/2026",,2026-01-22
C08.0,Collegamento Valbadia - Cortina (Tratta PA Bolzano) I Lotto.,11.977542,46.552501,Area Dolomitica - Bolzano,Provincia Autonoma di Bolzano,SP37,B31B16000530003,"L'intervento prevede la sistemazione dell’ultimo tratto stradale della S.P. 37, in prossimità del Passo di Valparola, tra le progressive chilometriche 9+490 e 10+300. Si riportano le seguenti attività costruttive prevalenti: rifacimento e realizzazione di nuovi muri di sostegno della piattaforma stradale; consolidamento strutturale sui lati di monte e di valle; installazione di nuove reti metalliche di protezione del pendio; realizzazione di un tratto di nuova pista ciclabile.",Legacy,4587516.03,SIMICO S.p.A.,Provincia Autonoma di Bolzano,Conferenza dei Servizi in materia ambientale,art. 42 L. prov. n. 17/2017 e ss.mm.ii.,2020-07-22 00:00:00,Conformitá Urbanistica,"art. 70, c. 1, lett. c) L. prov. n. 9/2018",2022-08-03 00:00:00,2024-05-06 00:00:00,De.Co.Bau,2024-06-25 00:00:00,2025-12-17 00:00:00,concluso,---,Stradali/Ferroviari,"Ultimazione lavori di finitura:
01/05/2026",,2026-01-22
C09.1,Interconnessione tra SP81 e SP71 Lotto 1 - UF0.,11.285284,46.161638,Area Dolomitica - Trento,Provincia Autonoma di Trento,SP102,C11B21005540003,"L’intervento prevede il completamento del collegamento stradale tra la Val di Cembra e l’Altopiano di Pinè sfruttando la sede stradale della preesistente ""Strada delle Strente"". E’ progettata la riqualificazione della piattaforma stradale, la costruzione di una galleria artificiale, di una rotatoria, di opere di sostegno e di controriva. L’intervento parte da circa 1 km a monte della località Strente e termina con l’innesto in una nuova rotatoria sulla S.P. 83 di Pinè, in adiacenza al lago delle Piazze, per uno sviluppo complessivo lungo l’asse principale di circa 1235 mt. LOTTO 1.",Legacy,12957500,SIMICO S.p.A.,Provincia Autonoma di Trento,non prevista ai sensi del,D.Lgs. 152/2006 data la natura dell'intervento,n.d.,Conferenza di Servizi Decisoria,"art. 14, comma 2, L. 241/1990 e ss.mm.ii.",2023-03-07 00:00:00,2025-04-07 00:00:00,RTI - ZAMPEDRI LORENZO S.r.l. e IDROTECH S.r.l ed IMPRESA MAZZOTTI ROMUALDO S.p.a.,2025-08-01 00:00:00,2027-03-16 00:00:00,in esecuzione,---,Stradali/Ferroviari,,,2026-01-22
C09.2,Interconnessione tra SP81 e SP71 Lotto 2 - UF1.,11.337304,46.248635,Area Dolomitica - Trento,Provincia Autonoma di Trento,SP102,C54E21001050003,"L’intervento prevede la messa in sicurezza di un tratto della S.P. 71, previo allargamento della piattaforma stradale e rettifica di alcuni tratti, al fine migliorare la scorrevolezza, la visibilità e la sicurezza al transito veicolare. E' progettata la modifica del raggio di curvatura mediante lo sbancamento della parete rocciosa di monte; la realizzazione di un nuovo muro di sostegno; la realizzazione di una mensola in cemento armato per consentire l’allargamento della sede stradale dal lato di valle e l'installazione di nuove reti corticali e barriere paramassi. LOTTO 2.",Legacy,1451200,SIMICO S.p.A.,Provincia Autonoma di Trento,non prevista ai sensi del,D.Lgs. 152/2006 data la natura dell'intervento,n.d.,Conferenza di Servizi Decisoria,"art. 14, comma 2, L. 241/1990 e ss.mm.ii.",2024-01-10 00:00:00,2025-01-13 00:00:00,NICOLODI COSTRUZIONI S.r.l.,2025-04-24 00:00:00,2026-06-30 00:00:00,in esecuzione,---,Stradali/Ferroviari,,,2026-01-22
C09.3,Interconnessione tra SP81 e SP71 Lotto 3 - UF2.,11.333207,46.247783,Area Dolomitica - Trento,Provincia Autonoma di Trento,SP102,C54E21001060003,"L'intervento prevede la messa in sicurezza di un tratto della S.P. 71, previo allargamento della piattaforma stradale e rettifica di alcune sezioni, al fine di ottenere un miglioramento della scorrevolezza, della visibilità e quindi della sicurezza veicolare. Si prevede modifica al Km 31+450 del raggio di curvatura mediante lo sbancamento della parete rocciosa di monte e l'installazione di nuove reti corticali e barriere paramassi per migliorare la sicurezza del tratto. LOTTO 3.",Legacy,1378700,SIMICO S.p.A.,Provincia Autonoma di Trento,non prevista ai sensi del,D.Lgs. 152/2006 data la natura dell'intervento,n.d.,Conferenza di Servizi Decisoria,"art. 14, comma 2, L. 241/1990 e ss.mm.ii.",2023-01-17 00:00:00,2024-04-08 00:00:00,RTI - COSTRUZIONI S.R.L. e CTS S.R.L.,2024-10-07 00:00:00,2026-01-15 00:00:00,in esecuzione,---,Stradali/Ferroviari,,,2026-01-22
C09.4,Interconnessione tra SP81 e SP71 Lotto 4 - UF3.,11.325777,46.232813,Area Dolomitica - Trento,Provincia Autonoma di Trento,SP102,C54E21001070003,"L'intervento prevede la messa in sicurezza di un tratto della S.P. 71, da realizzarsi tramite l’allargamento e la modifica della sede stradale al fine di ottenere un miglioramento della scorrevolezza e della sicurezza stradale complessiva. L’intervento prevede la realizzazione di un nuovo ponte che si sviluppa per circa 150 mt con una curva di raggio 40 mt che si raccorda a monte e a valle del nuovo ponte alla strada esistente. Il nuovo ponte sarà in curva, a campata unica, con una luce di circa 40 mt. LOTTO 4. ",Legacy,4405600,SIMICO S.p.A.,Provincia Autonoma di Trento,non prevista ai sensi del,D.Lgs. 152/2006 data la natura dell'intervento,n.d.,Conferenza di Servizi Decisoria,"art. 14, comma 2, L. 241/1990 e ss.mm.ii.",2023-09-01 00:00:00,2025-03-27 00:00:00,RTI - GRUPPO ADIGE BITUMI S.p.a e C.T.S. Sr.l.,2025-06-25 00:00:00,2027-04-04 00:00:00,in esecuzione,---,Stradali/Ferroviari,,,2026-01-22
C09.5,Interconnessione tra SP81 e SP71 Lotto 5 - UF4.,11.322666,46.232765,Area Dolomitica - Trento,Provincia Autonoma di Trento,SP102,C64E21000570003,"L’intervento prevede la messa in sicurezza di un tratto della S.P. 71, da realizzarsi tramite l’allargamento e la modifica della piattaforma stradale al fine di ottenere un miglioramento della scorrevolezza e della sicurezza veicolare complessiva. L’intervento prevede la realizzazione di un nuovo ponte che si sviluppa per circa 150 mt, con una curva di raggio 40 mt che si raccorda a monte e a valle del nuovo ponte alla strada esistente. Il nuovo ponte sarà in curva, a campata unica, con una luce di circa 40 mt. LOTTO 5.",Legacy,1808900,SIMICO S.p.A.,Provincia Autonoma di Trento,non prevista ai sensi del,D.Lgs. 152/2006 data la natura dell'intervento,n.d.,Conferenza di Servizi Decisoria,"art. 14, comma 2, L. 241/1990 e ss.mm.ii.",2023-10-24 00:00:00,2026-02-01 00:00:00,---,2026-03-20 00:00:00,2026-10-15 00:00:00,in gara,---,Stradali/Ferroviari,,,2026-01-22
C09.6,Interconnessione tra SP81 e SP71 Lotto 6 - UF5.,11.319631,46.228336,Area Dolomitica - Trento,Provincia Autonoma di Trento,SP102,C14E21000730003,"L’intervento alla progressiva Km 28+500 circa della S.P. 71, consiste nell’aumento del raggio di curvatura di una curva mediante la costruzione di un nuovo ponte a valle rispetto all’esistente. L’opera consentirà di allargare la piattaforma stradale e rettificare puntualmente il tracciato al fine di ottenere un miglioramento della scorrevolezza e della sicurezza veicolare complessiva. Si prevedono, in sintesi, le seguenti fasi costruttive prevalenti: costruzione di un nuovo ponte dell’estesa di 60 m circa, a 3 campate ciascuna di 20 m; costruzione di nuovi muri di sostegno di valle per consentire un miglior raccordo tra la viabilità esistente ed il nuovo ponte; costruzione di un tratto di nuovo muro di controripa e posizionamento di reti corticali per migliorare la sicurezza del nuovo tratto. LOTTO 6.",Legacy,4569411.18,SIMICO S.p.A.,Provincia Autonoma di Trento,non prevista ai sensi del,D.Lgs. 152/2006 data la natura dell'intervento,n.d.,Conferenza di Servizi Decisoria,"art. 14, comma 2, L. 241/1990 e ss.mm.ii.",2023-10-04 00:00:00,2026-06-01 00:00:00,---,2026-07-18 00:00:00,2028-03-08 00:00:00,in gara,---,Stradali/Ferroviari,,,2026-01-22
C10.1,Adeguamento deposito bus Cavalese e altri siti Lotto Funzionale 1: Cavalese.,11.466105,46.291105,Area Dolomitica - Trento,Comune di Cavalese,Adeguamento infrastrutturale,C41E20000060001,"L'intervento prevede la realizzazione del nuovo polo intermodale di Cavalese all’interno di un progetto di riqualificazione complessiva di tutto il sistema trasportistico di valle. La nuova struttura consentirà di definire uno spazio nel quale ricavare una piazza a servizio di tutti gli utenti. Particolare attenzione verrà posta all’utilizzo dei materiali con l’uso di vetro sulle facciate e copertura piana destinata a verde pubblico.  Sarà realizzato un deposito-rimessa autobus Trentino Trasporti con capienza di 15 bus, impianto lavaggio e ricarica elettrica. A completamento sarà posizionata un'autostazione del trasporto pubblico con otto stalli, biglietteria e sala d’attesa - oltre a un'autorimessa interrata di 137 posti auto circondata da un parco verde a destinazione pubblica.",Legacy,19023224.17,SIMICO S.p.A.,Trentino Trasporti S.p.A.,Verifica Assoggettabilità a VIA,art. 19 dlgs 152/2006 e ss.mm.ii,2022-11-15 00:00:00,Conferenza di Servizi Decisoria,"art. 14, comma 2, L. 241/1990 e ss.mm.ii.",2023-04-12 00:00:00,2023-09-05 00:00:00,"RTI D.F. Costruzioni S.r.l., Nord Costruzioni S.r.l. e Bertolini Ocea Impianti S.r.l.",2023-12-11 00:00:00,2025-12-22 00:00:00,concluso,---,Stradali/Ferroviari,,,2026-01-22
C10.2,Adeguamento deposito bus Cavalese e altri siti Lotto Funzionale 2: Sen Jean di Fassa.,11.686794,46.430261,Area Dolomitica - Trento,Comune San Jean di Fassa,Adeguamento infrastrutturale,C41J23000010001,"L'intervento prevede la realizzazione del nuovo deposito per ricovero degli autobus anche a trazione elettrica per il trasporto pubblico a nord dell’abitato di Pera nel Comune di Sèn Jan di Fassa con una rimessa autobus della  capienza di 25 Bus, la realizzazione di un impianto ricarica elettrica e di un impianto distributore di combustibile a gas metano compresso.",Legacy,11056500,SIMICO S.p.A.,Trentino Trasporti S.p.A.,Verifica Assoggettabilità a VIA,art. 19 dlgs 152/2006 e ss.mm.ii,2024-08-30 00:00:00,Conferenza di Servizi Decisoria,"art. 14, comma 2, L. 241/1990 e ss.mm.ii.",2024-11-18 00:00:00,2025-04-09 00:00:00,MISCONEL SRL,2025-06-03 00:00:00,2026-01-15 00:00:00,in esecuzione,---,Stradali/Ferroviari,,,2026-01-22
C10.3,Adeguamento deposito bus Cavalese  e altri siti Lotto Funzionale 3: Penia (Canazei).,11.79720,46.458261,Area Dolomitica - Trento,Comune di Canazei,Adeguamento infrastrutturale,C46F23000020001,L'intervento prevede l’ampliamento di due stalli autobus del deposito di Penia per consentire il deposito e la ricarica degli autobus a trazione elettrica nonché le opere impiantistiche e tecnologiche necessarie. ,Legacy,2148200,SIMICO S.p.A.,Trentino Trasporti S.p.A.,non prevista ai sensi del,D.Lgs. 152/2006 data la natura dell'intervento,n.d.,Conferenza di Servizi Decisoria,"art. 14, comma 2, L. 241/1990 e ss.mm.ii.",2023-11-09 00:00:00,2024-07-16 00:00:00,RTI COSTRUZIONI ELETTRICHE GIOVANELLA S.R.L. - EDILFERRETTI S.R.L.,2024-09-26 00:00:00,2025-12-17 00:00:00,concluso,---,Stradali/Ferroviari,,,2026-01-22
C11.1,Bus Rapid Transit - adeguamento sezione stradale - Materiale rotabile autoservizio e infrastruttura di ricarica ,11.588237362775532,46.29599214970693,Area Dolomitica - Trento,Provincia Autonoma di Trento,Adeguamento infrastrutturale,C46G20000230001,"Il progetto Bus Rapid Transit (BRT) delle valli di Fiemme e Fassa prevede il raddoppio delle percorrenze rispetto allo stato attuale, passando dai circa 900.000 km/anno ai circa 1.800.000 km/anno con un sistema di cadenzamento che risulterà attrattivo per la clientela pendolare e turistica. Si prevede l' acquisto di 32 bus urbani ad alimentazione elettrica di classe I da 12 metri per la linea ad alta capacità di valle Castello di Fiemme – Penia e l'acquisizione di appositi sistemi di ricarica veloce per assicurare la continuità del servizio in modalità elettrica. ",Legacy,20263875.83,SIMICO S.p.A.,Trentino Trasporti S.p.A.,non prevista ai sensi del,D.Lgs. 152/2006 data la natura dell'intervento,n.d.,n.d.,n.d.,n.d.,2025-02-28 00:00:00,POWERBUS SRL e YUTONG FRANCE SAS,2025-04-22 00:00:00,31/11/2026,in esecuzione,---,Stradali/Ferroviari,,,2026-01-22
C11.2,Bus Rapid Transit - adeguamento sezione stradale - Bus urbani elettrici e Bus extraurbani.,11.588237362775532,46.29599214970693,Area Dolomitica - Trento,Provincia Autonoma di Trento,Adeguamento infrastrutturale,J40B23000000003,"Il progetto Bus Rapid Transit (BRT) delle valli di Fiemme e Fassa (TN), prevede il raddoppio delle percorrenze rispetto allo stato attuale, passando dai circa 900.000 km/anno ai circa 1.800.000 km/anno con un sistema di cadenzamento che risulterà attrattivo per la clientela pendolare e turistica. Per l’intensificazione del servizio durante l’alta stagione della linea Moena-Penia viene previsto l'acquisto di nuovi bus ad alimentazione elettrica.",Legacy,1025491.3,SIMICO S.p.A.,Trentino Trasporti S.p.A.,non prevista ai sensi del,D.Lgs. 152/2006 data la natura dell'intervento,n.d.,n.d.,n.d.,n.d.,2027-12-31 00:00:00,---,2028-03-02 00:00:00,2028-10-26 00:00:00,in progettazione,---,Stradali/Ferroviari,,,2026-01-22
C11.3,Bus Rapid Transit - adeguamento sezione stradale: S-993.,11.588237362775532,46.29599214970693,Area Dolomitica - Trento,Provincia Autonoma di Trento,Adeguamento infrastrutturale,C34E21001350003,"Il progetto del Bus Rapid Transit (BRT) nelle valli di Fiemme e Fassa lungo la S.S. 48 delle Dolomiti mira a migliorare il trasporto pubblico locale tramite l'adeguamento della sede stradale esistente e l'installazione di sistemi di controllo e monitoraggio. Il percorso da Cavalese a Canazei sarà ottimizzato per aumentare la frequenza e l'efficienza del servizio. Gli interventi includeranno l'adeguamento dell'infrastruttura stradale, l'aggiornamento dei punti di fermata e l'implementazione di nuova tecnologia per il controllo del traffico.",Legacy,72341977.53,SIMICO S.p.A.,Provincia Autonoma di Trento,Verifica Assoggettabilità a VIA,art. 19 dlgs 152/2006 e ss.mm.ii,2024-12-31 00:00:00,Conferenza di Servizi Decisoria,"art. 14, comma 2, L. 241/1990 e ss.mm.ii.",2026-03-16 00:00:00,2027-05-10 00:00:00,---,2027-07-24 00:00:00,2028-07-23 00:00:00,in progettazione,---,Stradali/Ferroviari,,,2026-01-22
C12.0,Acquisto treni elettrici o ibridi - Linea Trento Bassano Del Grappa*via linea Trento - Bassano Del Grappa,11.12305128277938,46.07522073238598,Area Dolomitica - Trento,Provincia Autonoma di Trento,Trento,C60D20000000003,"L’intervento prevede la fornitura di nuovi treni elettrificati, in particolare, di n. 5 treni Pop, n.4 treni Blues e n.4 Rotabili Blues per la linea Trento Bassano Del Grappa via linea Trento - Bassano Del Grappa.",Legacy,65324100,SIMICO S.p.A.,Provincia Autonoma di Trento,non prevista ai sensi del,D.Lgs. 152/2006 data la natura dell'intervento,n.d.,n.d.,n.d.,n.d.,n.d.,ALSTOM FERROVIARIA S.p.A. - HITACHI RAIL,2024-07-10 00:00:00,2027-11-30 00:00:00,in esecuzione,---,Stradali/Ferroviari,,,2026-01-22
C13.0,Stazione ferroviaria di Trento - Adeguamento infrastrutturale,11.11949357760946,46.07209928637346,Area Dolomitica - Trento,Comune di Trento,Trento,C66J20000210001,"L'intervento prevede il rinnovamento della stazione di Trento su quattro aree principali per migliorare connettività, sicurezza e attrattività: A - Riqualificazione di Piazza Dante: nuovi spazi urbani, potenziamento bike parking, razionalizzazione traffico. B - Restauro del fabbricato viaggiatori: recupero facciate, miglioramento illuminazione, ristrutturazione interna. C - Manutenzione infrastrutturale: restyling sottopassi, adeguamento pensiline e pavimentazioni. D - Miglioramento accessibilità esterna: nuovo terminal bus, collegamento migliorato con stazione Trento-Malè. ",Legacy,31541916.48,RFI S.p.A.,RFI S.p.A.,non prevista ai sensi del,D.Lgs. 152/2006 data la natura dell'intervento,n.d.,Parere di conformità urbanistica,"art 25 D.lgs 17 maggio 1985, n.210",2022-09-02 00:00:00,2023-09-25 00:00:00,"QUADRIO GAETANO COSTRUZIONI SPA, D’ADIUTORIO COSRTUZIONI S.P.A.",2023-11-20 00:00:00,2026-01-31 00:00:00,in esecuzione,---,Stradali/Ferroviari,,,2026-01-22
C14.0,Stazione di Longarone - Miglioramento accessibilità e velocizzazione itinerari,12.301796868638117,46.26763414583389,Area Dolomitica - Veneto,Comune di Longarone,Linea Ferroviaria Venezia Calalzo,J57B20000230008,"L’intervento alla stazione di Longarone prevede l’adeguamento dell’accessibilità ferroviaria e la modifica PRG di stazione.  Le attività principali consistono in interventi sulle banchine ferroviarie mirati a garantire la futura fruibilità dell’impianto alle persone a mobilità ridotta e interventi sull’armamento utili al riassetto del piano del ferro. Altre opere complementari  sono il restyling del fabbricato viaggiatori e la rifunzionalizzazione delle aree esterne corrispondenti all’attuale piazzale di stazione, innalzamento marciapiede con percorsi tattili, modifica PRG e ricollocamento binario, ricostruzione marciapiede, nuovo sottopasso ferroviario e installazione di due ascensori.",Legacy,12087401.73,RFI S.p.A.,RFI S.p.A.,non prevista ai sensi del,D.Lgs. 152/2006 data la natura dell'intervento,n.d.,Parere di conformità urbanistica,"art 25 D.lgs 17 maggio 1985, n.210",2023-07-24 00:00:00,2025-04-11 00:00:00,RTI - SIELTE TRASPORTI srl PIEMME Impianti S.r.l.  ANTINOZZI S.r.l.,2025-08-12 00:00:00,2026-01-31 00:00:00,in esecuzione,---,Stradali/Ferroviari,,,2026-01-22
C15.0,Variante di Longarone,12.30416921699804,46.27993267109659,Area Dolomitica - Veneto,Comune di Longarone,SS51,F51B20000150001,"L’intervento si pone come obiettivo il miglioramento della sicurezza stradale della S.S. 51 nei pressi dell’abitato di Longarone con diminuzione del tasso di incidentalità che nel tratto interessato dalla variante è il più alto dell’intera S.S. 51.  Il tracciato sarà lungo circa 11,2 km, di cui 1,6 km in galleria, e una sezione stradale di categoria C1; inizia in corrispondenza dello svincolo di Soverzene, dove l’autostrada A27 confluisce nella S.S. 51, con un tracciato totalmente in destra idraulica del fiume Piave riconnettendosi alla S.S. 51 attuale, poco a nord dell’abitato di Castellavazzo, in corrispondenza della galleria stradale esistente. Una galleria di 1545 mt (55 mt artificiale, 1490 mt naturale) e sette viadotti per 3260 mt.",Legacy,438948651.44,SIMICO S.p.A.,SIMICO S.p.A.,VIA,art. 23 dlgs 152/2006 e ss.mm.ii,2024-02-05 00:00:00,Conferenza di Servizi Decisoria,"art. 14, comma 2, L. 241/1990 e ss.mm.ii.",2025-09-24 00:00:00,2026-04-19 00:00:00,---,2027-02-12 00:00:00,2029-05-31 00:00:00,in progettazione,---,Stradali/Ferroviari,,Commissario Straordinario,2026-01-22
C16.0,"Variante di Cortina - Lotto 0  Sistemazione Lungo Boite: Sistemazione del Corpo Stradale, Raddoppio del Ponte Corona, Riqualificazione Via Cesare Battisti",12.135427,46.538003,Area Dolomitica - Veneto,Comune di Cortina,SS51,C49J22003570001,L’intervento prevede la riqualificazione e il ridimensionamento della viabilità Lungo Boite e via del Parco; la intersezione Ponte Corona e la  Pedonalizzazione di via Cesare Battisti.  LOTTO 0.,Legacy,21027595.71,SIMICO S.p.A.,SIMICO S.p.A.,non prevista ai sensi del,D.Lgs. 152/2006 data la natura dell'intervento,n.d.,Conferenza di Servizi Decisoria,"art. 14, comma 2, L. 241/1990 e ss.mm.ii.",2023-12-07 00:00:00,2024-08-19 00:00:00,RTI BONOTTO s.r.l e C.F.C SOC. COOP e DOLOMITI STRADE s.r.l,2024-12-09 00:00:00,2026-08-07 00:00:00,in esecuzione,---,Stradali/Ferroviari,"Ultimazione lavori di prima fase:
22/12/2025",Commissario Straordinario,2026-01-22
C16.1,Variante di Cortina - Lotto 1 Bretella di penetrazione a SUD di Cortina,12.13904752475316,46.53032902737473,Area Dolomitica - Veneto,Comune di Cortina,SS51,F47H18001500001,L’intervento prevede la realizzazione di una “bretella di penetrazione a sud dell’abitato di Cortina” caratterizzata da un tracciato che si sviluppa per 775 mT all’aperto e che si collega alla viabilità esistente mediante due rotatorie. LOTTO 1.,Legacy,51861899.9996,SIMICO S.p.A.,SIMICO S.p.A.,VIA,art. 23 dlgs 152/2006 e ss.mm.ii,2020-09-02 00:00:00,Conferenza di Servizi Decisoria,"art. 14, comma 2, L. 241/1990 e ss.mm.ii.",2025-01-28 00:00:00,n.d.,---,n.d.,n.d.,in progettazione,---,Stradali/Ferroviari,,Commissario Straordinario,2026-01-22
C16.2,Variante di Cortina - Lotto 2 Canne stradali gallerie e opera di difesa della SS51 a NORD di Cortina,12.116915,46.538387,Area Dolomitica - Veneto,Comune di Cortina,SS51,F41B20000120001,"L’intervento prevede la realizzazione della variante alla S.S. 51 di Alemagna in corrispondenza del centro abitato di Cortina d’Ampezzo al fine di razionalizzare il traffico gravitante sull’abitato congestionato. È previsto un by-pass a ovest dell’abitato, caratterizzato da un andamento quasi interamente in sotterraneo grazie alla realizzazione di una galleria di lunghezza complessiva di 4740 mt e di due nuove rotatorie a sud e a nord del tracciato . LOTTO 2.",Legacy,483207800.0012,SIMICO S.p.A.,SIMICO S.p.A.,VIA,art. 23 dlgs 152/2006 e ss.mm.ii,2026-04-19 00:00:00,Conferenza di Servizi Decisoria,"art. 14, comma 2, L. 241/1990 e ss.mm.ii.",2026-06-29 00:00:00,2027-02-17 00:00:00,---,2027-10-21 00:00:00,2032-12-18 00:00:00,in progettazione,---,Stradali/Ferroviari,,Commissario Straordinario,2026-01-22
C17.0,PRG di Ponte nelle Alpi,12.284019949068732,46.18023130655075,Area Dolomitica - Veneto,Comune Ponte nelle Alpi,Linea Ferroviaria Venezia Calalzo,J17B20000630001,"L’intervento sulla stazione di Ponte nelle Alpi riguarda il piano regolatore generale di stazione. Le attività principali consistono in interventi sull’armamento, sulla trazione elettrica e sugli impianti di segnalamento. Altre opere complementari a questo intervento - ma non rientranti nel finanziamento olimpico - sono il restyling del fabbricato viaggiatori, la rifunzionalizzazione del'attuale piazzale di stazione, la costruzione di un nuovo terzo marciapiede ferroviario a nord dell’impianto, il prolungamento del sottopasso a servizio della nuova banchina e la creazione di un nuovo secondo fronte di stazione in località Polpet. ",Legacy,6243354.54,RFI S.p.A.,RFI S.p.A.,non prevista ai sensi del,D.Lgs. 152/2006 data la natura dell'intervento,n.d.,n.d.,n.d.,n.d.,2025-01-13 00:00:00,R.T.I. SIELTE Trasporti S.r.l. e  Piemme impianti s.r.l. e Antinozzi s.r.l.,2025-09-15 00:00:00,2026-01-31 00:00:00,in esecuzione,---,Stradali/Ferroviari,,,2026-01-22
C18.1,Rinnovo stazioni/costruzione parcheggi di scambio Lotto 1 Stazione di Belluno,12.21001564559725,46.14150981864912,Area Dolomitica - Veneto,Comune di Belluno,Piano Stazioni Olimpiche,J17B20000640001,"L’intervento sulla Stazione di Belluno prevede la rifunzionalizzazione del fabbricato viaggiatori includendo gli interventi di miglioramento sismico delle strutture portanti, l’adeguamento e il miglioramento dell’accessibilità ferroviaria, potenziandola per le persone con mobilità ridotta. Sarà prolungato il sottopasso esistente, innalzati i marciapiedi ferroviari, installati ascensori e adeguate le scale, pensiline e segnaletica con mappe tattili.",Legacy,14481062.18,RFI S.p.A.,RFI S.p.A.,non prevista ai sensi del,D.Lgs. 152/2006 data la natura dell'intervento,n.d.,Conferenza di Servizi Decisoria,"art. 14, comma 2, L. 241/1990 e ss.mm.ii.",2023-04-12 00:00:00,2024-04-05 00:00:00,"R.T.I. - VENETA 21 S.r.l., I.M.A.F. S.r.l., A.N.R. Edilizia & Impianti S.r.l.",2024-12-20 00:00:00,2026-01-31 00:00:00,in esecuzione,---,Stradali/Ferroviari,,,2026-01-22
C18.2,Rinnovo stazioni/costruzione parcheggi di scambio Lotto 2 Stazione di Feltre,11.911348,46.012991,Area Dolomitica - Veneto,Comune di Feltre,Piano Stazioni Olimpiche,C97D20000080001,L’intervento sulla Stazione di Feltre riguarda le opere di riqualificazione del fabbricato viaggiatori e il riassetto del piazzale di stazione anche in funzione del nuovo terminal.   ,Legacy,2977571.19,RFI S.p.A.,RFI S.p.A.,non prevista ai sensi del,D.Lgs. 152/2006 data la natura dell'intervento,n.d.,Conferenza di Servizi Decisoria,"art. 14, comma 2, L. 241/1990 e ss.mm.ii.",2023-11-20 00:00:00,2024-10-10 00:00:00,"ATI - CAMAR SOCIETÀ COOPERATIVA, Consorziata Esecutrice ALLEGRINI S.r.l., e TECHNE S.p.A.",2025-06-20 00:00:00,2026-01-31 00:00:00,in esecuzione,---,Stradali/Ferroviari,,,2026-01-22
C19.0,Completamento percorso ciclabile Abbadia Lariana,9.359068492034305,45.88726697188599,Lombardia,Comune di Abbadia Lariana,SS36,F57H20001340001,L'intervento prevede una ciclopista che consentirà a ciclisti e pedoni di attraversare un itinerario protetto e svincolato dal pericoloso tratto di Superstrada. L' accesso protetto al lago avverrà mediante rampe e un percorso di transito per una costante verifica del viadotto della S.S. 36. L’intervento completa così una pista ciclopedonale già in parte realizzata nel 2017 tra i comuni di Abbadia Lariana (LC) e il capoluogo della provincia di Lecco. ,Legacy,31955199.996,SIMICO S.p.A.,SIMICO S.p.A.,non prevista ai sensi del,D.Lgs. 152/2006 data la natura dell'intervento,n.d.,Conferenza di Servizi Decisoria,"art. 14, comma 2, L. 241/1990 e ss.mm.ii.",2023-05-03 00:00:00,2025-01-30 00:00:00,RTI QUADRIO GAETANO COSTRUZIONI S.p.A. - ADRIACOS S.p.A. Società Benefit e DOLOMITI ROCCE S.r.l.,2025-12-15 00:00:00,2027-06-23 00:00:00,in esecuzione,---,Altro,,Commissario Straordinario,2026-01-22
C20.0,Riqualificazione Busto Arsizio/Gallarate/Cardano,8.791892272882437,45.64291065727686,Lombardia,Comuni di Busto Artistizio - Gallarate - Cardano,SS336,F87H20001540001,L’intervento prevede l’adeguamento della sezione stradale alla categoria B migliorando la sicurezza stradale e rimanendo nei limiti della sede stradale esistente. L’attuale S.S. 336 collega l'autostrada A8 Milano-Varese dall'uscita di Busto Arsizio al terminal aeroportuale di Malpensa con un percorso a due carreggiate con quattro corsie. ,Legacy,56090500.0016,SIMICO S.p.A.,SIMICO S.p.A.,Verifica Assoggettabilità a VIA,art. 19 dlgs 152/2006 e ss.mm.ii,2024-10-25 00:00:00,Conferenza di Servizi Decisoria,"art. 14, comma 2, L. 241/1990 e ss.mm.ii.",2026-03-09 00:00:00,2027-01-28 00:00:00,---,2027-01-29 00:00:00,2030-10-16 00:00:00,in progettazione,---,Stradali/Ferroviari,,,2026-01-22
C21.0,Nodo di Castione Andevenno noto come svincolo di Sassella,9.830666928401016,46.16215396022711,Lombardia,Comune di Castione Andevenno,SS38,F67H20000920001,"L'intervento prevede la realizzazione di un nuovo svincolo di Sassella. In corrispondenza dell’area commerciale del comune di Castione Andevenno sono state realizzate due rotatorie la cui capacità di smaltimento determina code di lunghezza crescente che si ripercuote sulla tangenziale di Sondrio. Il tratto stradale in esame è adiacente, in sinistra, alla linea ferroviaria Lecco – Tirano e, in destra, alla strada comunale sulla quale insistono gli accessi agli esercizi commerciali. ",Legacy,21411800.0014,SIMICO S.p.A.,SIMICO S.p.A.,Verifica Assoggettabilità a VIA,art. 19 dlgs 152/2006 e ss.mm.ii,2024-11-05 00:00:00,Conferenza di Servizi Decisoria,"art. 14, comma 2, L. 241/1990 e ss.mm.ii.",2025-09-18 00:00:00,2026-03-25 00:00:00,---,2026-07-22 00:00:00,2027-09-24 00:00:00,in progettazione,---,Stradali/Ferroviari,,Commissario Straordinario,2026-01-22
C22.0,Potenziamento svincolo località Dervio,9.314216389476444,46.08294440865737,Lombardia,Comune di Dervio,SS36,F77H20001510001,L'intervento prevede la realizzazione di un nuovo svincolo nella località di Dervio. L’intervento si sviluppa per una lunghezza complessiva di circa 925 mt tra la rotatoria dello svincolo esistente con la S.S. 36 e una nuova rotatoria a ago di innesto sulla S.P. 72 posta più a nord. ,Legacy,48502200.0019,SIMICO S.p.A.,SIMICO S.p.A.,PAUR,"disciplinato con art. 27-bis del D.Lgs. 152/2006, introdotto dal D.Lgs. n. 104 del 2017, che recepisce la Direttiva 2014/52/UE",2024-01-22 00:00:00,PAUR,n.d.,2024-01-22 00:00:00,2025-07-29 00:00:00, T.M.G. SCAVI S.R.L.,2026-07-08 00:00:00,2028-03-06 00:00:00,in esecuzione,---,Stradali/Ferroviari,,,2026-01-22
C25.0,Interventi puntuali potenziamento - PRG sedi di incrocio,9.6524991228155,46.1658374776992,Lombardia,Linea Ferroviaria Milano Tirano,Linea Ferroviaria Milano Tirano,J84H20000850001,"L’intervento prevede il potenziamento su sei stazioni lungo la linea ferroviaria Milano-Tirano su: Stazione di Mandello del Lario (rettifica tracciato binari I e II, prolungamento marciapiedi a 250 m, allargamento sede ferroviaria e sottopasso); Stazione di Lierna (rettifica tracciato e prolungamento marciapiedi a 250 mt); Stazione di Ardenno Masino (nuovo tronchino binario I, demolizione marciapiede I, arretramento segnale di partenza binario II); Stazione di S. Pietro Berbenno (demolizione marciapiede, rettifica tracciato binario, allargamento marciapiede II a 180 m, scala di risalita e ascensori); Stazione di Colico; Stazione di Tirano.",Legacy,33672100,RFI S.p.A.,RFI S.p.A.,non prevista ai sensi del,D.Lgs. 152/2006 data la natura dell'intervento,n.d.,n.d.,n.d.,n.d.,2024-02-15 00:00:00,"IMPRESA LUIGI NOTARI SPA - G.C.F. Generale Costruzioni Ferroviarie S.p.A., Valtellina S.p.A.",2024-03-28 00:00:00,2025-12-31 00:00:00,concluso,---,Stradali/Ferroviari,"Ultimazione opere minori:
10/09/2026",,2026-01-22
C26.0,Soppressione passaggi a livello insistenti su SS38 - Linea ferroviaria Milano -Tirano,9.922937,46.169030,Lombardia,Linea Ferroviaria Milano Tirano,Linea Ferroviaria Milano Tirano,JB4H20000860001,"L'intervento prevede la soppressione dei passaggi a livello insistenti sulla S.S. 38 relativi alla linea ferroviaria Sondrio – Tirano e interessa i Comuni di: Forcola (lotto 1), Colorina (lotto 2), Montagna in Valtellina-Poggiridenti (lotto 3), Chiuro - Teglio (lotto 4), Ponte in Valtellina - Chiuro (lotto 5), Bianzone (lotto 6).",Legacy,66000000,RFI S.p.A.,RFI S.p.A.,non prevista ai sensi del,D.Lgs. 152/2006 data la natura dell'intervento,n.d.,Conferenza di Servizi Decisoria,"art. 14, comma 2, L. 241/1990 e ss.mm.ii.",n.d.,2023-11-24 00:00:00,INFRARAIL S.r.l. - RTI QUADRIO GAETANO COSTRUZIONI SPA/D’ADIUTORIO APPALTI E COSTRUZIONI SRL,2024-10-14 00:00:00,2027-10-04 00:00:00,in esecuzione,---,Stradali/Ferroviari,"Ultimazione ante-Olimpiadi:
31/01/2026",Commissario Straordinario RFI,2026-01-22
C30.1,Realizzazione di una galleria artificiale e viabilità accessoria Lotto 1 Case Sparse presso il Passo del Tonale,10.57457287366771,46.25721284894058,Lombardia,Comune Ponte di Legno,SS42,F17H20001750001,"L’intervento prevede la costruzione di una galleria artificiale in località Case Sparse al passo del Tonale che consentirà il collegamento pedonale e sciistico tra i due versanti ai lati della S.S. 42 su cui sono posizionate le piste e gli impianti da sci, con la conseguente eliminazione delle interferenze tra la viabilità e il contesto sciistico. La lunghezza complessiva dell’intervento è di circa 715 mt. Sarà realizzata una galleria artificiale della lunghezza di 100 mt, due nuovi incroci di connessione alla viabilità esistente; aree di parcheggio e ricollocazione degli accessi alla Strada Statale; un tratto di strada esistente; piazzole di sosta per autobus.",Legacy,16329000,SIMICO S.p.A.,SIMICO S.p.A.,VIA,art. 23 dlgs 152/2006 e ss.mm.ii,2026-04-28 00:00:00,Conferenza di Servizi Decisoria,"art. 14, comma 2, L. 241/1990 e ss.mm.ii.",2026-05-18 00:00:00,2026-09-30 00:00:00,---,2027-04-21 00:00:00,2029-05-09 00:00:00,in progettazione,---,Stradali/Ferroviari,,,2026-01-22
C30.2,Realizzazione di una galleria artificiale Lotto 2 Cida di Ponte di Legno,10.518002,46.258631,Lombardia,Comune Ponte di Legno,SS42,C17H20004950001,L'intervento prevede la risoluzione del traffico: la S.S. 42 in località Ponte di Legno (BS) rappresenta una barriera antropica per residenti e turisti e la modifica alla viabilità esistente permetterà di separare il flusso di traffico di passaggio verso il passo del Tonale e in uscita da Ponte di Legno dai flussi ordinari dei residenti migliorando la vivibilità dell’area e la sicurezza.  Sarà realizzato un sottopasso stradale ad una corsia per senso di marcia; due tronchi di strada che a partire dal sottopasso andranno ad innestarsi direttamente nelle due nuove rotatorie di progetto; nuove aree adibite a parcheggio autoveicoli; nuovo collegamento ciclo-pedonale.,Legacy,62640200,SIMICO S.p.A.,SIMICO S.p.A.,VIA,art. 23 dlgs 152/2006 e ss.mm.ii,2026-04-28 00:00:00,Conferenza di Servizi Decisoria,"art. 14, comma 2, L. 241/1990 e ss.mm.ii.",2026-05-18 00:00:00,2026-09-30 00:00:00,---,2027-04-21 00:00:00,2029-10-06 00:00:00,in progettazione,---,Stradali/Ferroviari,,,2026-01-22
C31.0,Tangenziale sud di Sondrio,9.904579181459347,46.16890215989487,Lombardia,Comune di Sondrio,SS38,F61B20000140001,"L'intervento prevede il completamento della tangenziale di Sondrio in corrispondenza dell’intersezione tra la S.S. 38 e Via Europa, al confine tra i comuni di Sondrio e Montagna in Valtellina, con uno sviluppo stradale di circa 1 km, e una sezione stradale di categoria C1 ""extraurbana secondaria"". Saranno realizzate due rotatorie a raso, uno svincolo a due livelli in configurazione parziale sul tratto della S.S. 38,  una rampa di uscita per i veicoli provenienti da Tirano con direzione Sondrio.",Legacy,43513234.44,SIMICO S.p.A.,SIMICO S.p.A.,VIA,art. 23 dlgs 152/2006 e ss.mm.ii,2024-06-06 00:00:00,Conferenza di Servizi Decisoria,"art. 14, comma 2, L. 241/1990 e ss.mm.ii.",2025-01-29 00:00:00,2026-08-14 00:00:00,---,2026-09-20 00:00:00,2027-11-19 00:00:00,in progettazione,---,Stradali/Ferroviari,,Commissario Straordinario,2026-01-22
C32.0,Collegamento alla rete ferroviaria nazionale,8.721366688025743,45.65072125307881,Lombardia,Comune di Ferno (Malpensa),Sede T2 MXP,E51I20000010009,"L’intervento prevede il collegamento ferroviario tra il Terminal 2 dell’Aeroporto Intercontinentale di Malpensa e la linea RFI del Sempione per una lunghezza di circa 4,6 km di nuovo tracciato verso Gallarate più 1,1 km di raccordo verso Casorate Sempione. Sarà realizzata una galleria artificiale con metodo “Top-Down” , uno scatolare a ci​elo aperto, una galleria naturale con scavo tradizionale, muri di sostegno e sovrappassi qualora la sede stradale sovrappassi quella ferroviaria.",Legacy,264553700,FERROVIENORD S.p.A.,FERROVIENORD S.p.A.,PAUR,"disciplinato con art. 27-bis del D.Lgs. 152/2006, introdotto dal D.Lgs. n. 104 del 2017, che recepisce la Direttiva 2014/52/UE",2020-02-04 00:00:00,PAUR,n.d.,2020-02-04 00:00:00,2022-01-24 00:00:00,ATI - S.A.L.C. S.p.A. - VALSECCHI ARMAMENTO FERRROVIARIO S.r.l.,2023-02-07 00:00:00,2025-11-30 00:00:00,concluso,---,Stradali/Ferroviari,"Ultimazione lavori di finitura:
24/03/2026",,2026-01-22
C33.1,Variante Trescore Entratico Lotto 1 Comune di Trescore Balneario,9.841327,45.684445,Lombardia,Comune di Trescore Balneario,SS42,F61B14000340001,"L’intervento di modifica stradale riguarda il territorio degli abitati di Entratico, Trescore Balneario e Zandobbio con l’obiettivo di alleggerire il traffico veicolare sulla S.S. 42 e sulla S.P. 89. Il nuovo tracciato stradale, in variante alla viabilità esistente, sarà lungo circa 4,9 km, suddiviso in 3 tratte ovvero: A1 e C per il Lotto 1 e A2 per il Lotto 2 (codice C33.2).  Si prevedono: realizzazione della tratta A1, parte in rilevato e parte con prefabbricato scatolare; realizzazione lungo la tratta A1 di un ponte di 70 mt per il superamento del torrente Tadone; realizzazione della tratta C con una nuova viabilità con un viadotto di 665 mt e una nuova rotatoria.",Legacy,47698302.1721,SIMICO S.p.A.,SIMICO S.p.A.,VIA,art. 23 dlgs 152/2006 e ss.mm.ii,2026-01-30 00:00:00,Conferenza di Servizi Decisoria,"art. 14, comma 2, L. 241/1990 e ss.mm.ii.",2026-06-05 00:00:00,2027-01-08 00:00:00,---,2027-08-17 00:00:00,2029-06-26 00:00:00,in progettazione,---,Stradali/Ferroviari,,Commissario Straordinario,2026-01-22
C33.2,Variante Trescore Entratico Lotto 2 Comune di Entratico,9.85794453558881,45.69603470362555,Lombardia,Comune di Entriatico,SS42,F11B14000970001,"L’intervento di modifica stradale riguarda il territorio degli abitati di Entratico, Trescore Balneario e Zandobbio  con l’obiettivo di alleggerire il traffico veicolare sulla S.S. 42 e sulla S.P. 89. Il nuovo tracciato stradale, in variante alla viabilità esistente, di lunghezza pari a 4,9 km, è suddiviso in 3 tratte: A1 e C per il Lotto 1 (codice C33.1) e A2 per il Lotto 2. Si prevedono per la tratta A2: Realizzazione di una nuova rotatoria; realizzazione di tre viadotti di lunghezza 755 mt, 90 mt e 480 mt: realizzazione di un tratto stradale in prefabbricato scatolare; realizzazione di una galleria artificiale per i primi 65 mt e naturale per i restanti 1188 mt.",Legacy,179248233.9209,SIMICO S.p.A.,SIMICO S.p.A.,VIA,art. 23 dlgs 152/2006 e ss.mm.ii,2026-01-30 00:00:00,Conferenza di Servizi Decisoria,"art. 14, comma 2, L. 241/1990 e ss.mm.ii.",2026-06-05 00:00:00,2027-01-08 00:00:00,---,2027-08-17 00:00:00,2031-02-11 00:00:00,in progettazione,---,Stradali/Ferroviari,,Commissario Straordinario,2026-01-22
C34.0,Variante di Vercurago Lotto SAN GEROLAMO,9.426722139826659,45.79921331287034,Lombardia,Comune di Vercurago,SP639 - SS639,B81B03000220004,"L’intervento prevede il riappalto della Galleria San Gerolamo che interessa le zone di Calolziocorte, Vercurago e Lecco. I precedenti lavori, in capo alla Provincia di Lecco, sono stati interrotti nel 2018 a causa di criticità di tipo geologico e interferenze critiche con le preesistenti infrastrutture. Si prevedono l'adeguamento dell’attuale rotatoria all’imbocco nord per permettere l’innesto di nuove diramazioni, la realizzazione di una galleria composta da un primo tratto di galleria artificiale di 155 mt e un secondo tratto di galleria naturale lungo 2073 mt  oltre che la realizzazione di una rotatoria per la sistemazione della viabilità all’imbocco sud.",Legacy,253289600,SIMICO S.p.A.,SIMICO S.p.A.,VIA,art. 23 dlgs 152/2006 e ss.mm.ii,2027-05-18 00:00:00,Conferenza di Servizi Decisoria,"art. 14, comma 2, L. 241/1990 e ss.mm.ii.",2027-07-02 00:00:00,2027-12-31 00:00:00,---,2028-08-18 00:00:00,2033-11-25 00:00:00,in progettazione,---,Stradali/Ferroviari,,Commissario Straordinario,2026-01-22
